date,code,open,high,low,close,preclose,volume,amount,adjustflag,turn,tradestatus,pctChg,isST
2020-01-02,sz.000656,7.9200,8.2300,7.7500,7.8000,7.6800,90963224,723400835.9700,3,1.733500,1,1.562500,0
2020-01-03,sz.000656,7.8700,7.9300,7.6100,7.7000,7.8000,52890834,409509181.6000,3,1.008000,1,-1.282100,0
2020-01-06,sz.000656,7.6800,7.7700,7.6100,7.6300,7.7000,41098184,315804537.1300,3,0.783200,1,-0.909100,0
2020-01-07,sz.000656,7.6500,7.7500,7.5900,7.6500,7.6300,34280247,262234061.5000,3,0.653300,1,0.262100,0
2020-01-08,sz.000656,7.6100,7.6100,7.3900,7.4100,7.6500,35586801,267117969.2100,3,0.678200,1,-3.137300,0
2020-01-09,sz.000656,7.5400,7.6400,7.5100,7.5900,7.4100,37057289,281056268.2000,3,0.706200,1,2.429200,0
2020-01-10,sz.000656,7.6700,7.6900,7.5000,7.5800,7.5900,29339772,221928111.0300,3,0.559100,1,-0.131800,0
2020-01-13,sz.000656,7.6000,7.6600,7.5500,7.6400,7.5800,45337184,345024529.8900,3,0.864000,1,0.791600,0
2020-01-14,sz.000656,7.7200,8.0000,7.7200,7.8600,7.6400,99451633,782710109.2800,3,1.895300,1,2.879600,0
2020-01-15,sz.000656,7.8000,7.8500,7.6900,7.7800,7.8600,29555577,229568893.5800,3,0.563300,1,-1.017800,0
2020-01-16,sz.000656,7.8300,7.8300,7.7100,7.7500,7.7800,30939712,240428753.8100,3,0.589600,1,-0.385600,0
2020-01-17,sz.000656,7.7800,7.8400,7.6900,7.7800,7.7500,44466029,345509552.3300,3,0.847400,1,0.387100,0
2020-01-20,sz.000656,7.7800,7.7900,7.4900,7.6500,7.7800,49961796,379087203.4700,3,0.952200,1,-1.671000,0
2020-01-21,sz.000656,7.6000,7.6300,7.2600,7.3000,7.6500,41380981,306165793.9300,3,0.788600,1,-4.575200,0
2020-01-22,sz.000656,7.3000,7.4700,7.2200,7.3900,7.3000,24084618,177487256.8100,3,0.459000,1,1.232900,0
2020-01-23,sz.000656,7.2300,7.3800,7.0500,7.1400,7.3900,33162880,238578432.2600,3,0.632000,1,-3.382900,0
2020-02-03,sz.000656,6.4300,6.4900,6.4300,6.4300,7.1400,35720000,229706906.9800,3,0.680700,1,-9.944000,0
2020-02-04,sz.000656,6.3300,6.6800,6.3000,6.6300,6.4300,47059485,307529675.1500,3,0.896800,1,3.110400,0
2020-02-05,sz.000656,6.5800,6.7600,6.5100,6.5500,6.6300,41220981,273028823.9400,3,0.785600,1,-1.206600,0
2020-02-06,sz.000656,6.6000,6.8600,6.5100,6.8000,6.5500,44010860,294491060.1900,3,0.838700,1,3.816800,0
2020-02-07,sz.000656,6.7700,6.9300,6.6300,6.9000,6.8000,31464834,212943077.7500,3,0.599600,1,1.470600,0
2020-02-10,sz.000656,6.8200,7.0700,6.7600,6.9700,6.9000,31135345,215796344.3400,3,0.593400,1,1.014500,0
2020-02-11,sz.000656,6.9600,7.1200,6.9600,6.9900,6.9700,24034556,169011842.7800,3,0.458000,1,0.286900,0
2020-02-12,sz.000656,6.9300,7.0300,6.9100,6.9300,6.9900,24994878,173950681.3600,3,0.476300,1,-0.858400,0
2020-02-13,sz.000656,7.0000,7.2700,7.0000,7.1800,6.9300,41268150,296043520.8900,3,0.786500,1,3.607500,0
2020-02-14,sz.000656,7.1800,7.5900,7.1300,7.5500,7.1800,56679486,419721429.0800,3,1.080200,1,5.153200,0
2020-02-17,sz.000656,7.5500,7.6900,7.4400,7.5300,7.5500,41731476,315768213.9400,3,0.795300,1,-0.264900,0
2020-02-18,sz.000656,7.5200,7.5500,7.3500,7.4800,7.5300,46855400,349026931.0900,3,0.893000,1,-0.664000,0
2020-02-19,sz.000656,7.4200,7.6600,7.4000,7.5000,7.4800,34449597,259847276.1400,3,0.656500,1,0.267400,0
2020-02-20,sz.000656,7.4900,7.4900,7.3100,7.4300,7.5000,32031288,236585302.5600,3,0.610400,1,-0.933300,0
2020-02-21,sz.000656,7.5000,7.5200,7.3400,7.3500,7.4300,33486277,248400658.9900,3,0.638200,1,-1.076700,0
2020-02-24,sz.000656,7.3700,7.3900,7.1600,7.2700,7.3500,34836220,252847753.6000,3,0.663900,1,-1.088400,0
2020-02-25,sz.000656,7.1300,7.5600,7.1100,7.3400,7.2700,44600653,329155669.2500,3,0.850000,1,0.962900,0
2020-02-26,sz.000656,7.3800,7.9000,7.2200,7.6100,7.3400,82798282,637631832.8500,3,1.577900,1,3.678500,0
2020-02-27,sz.000656,7.8000,7.8000,7.4200,7.6000,7.6100,57085882,435785360.8700,3,1.087900,1,-0.131400,0
2020-02-28,sz.000656,7.4900,7.8600,7.3500,7.5300,7.6000,72342730,545065560.8700,3,1.378700,1,-0.921000,0
2020-03-02,sz.000656,7.5300,8.0500,7.5300,7.8300,7.5300,81303516,637282765.4700,3,1.549500,1,3.984100,0
2020-03-03,sz.000656,7.8600,7.8900,7.4800,7.5000,7.8300,77742134,591032747.3400,3,1.481600,1,-4.214600,0
2020-03-04,sz.000656,7.7500,8.0500,7.6600,8.0200,7.5000,114458245,902740177.9000,3,2.181300,1,6.933300,0
2020-03-05,sz.000656,7.9900,8.4700,7.9200,8.1700,8.0200,125784028,1027345348.6000,3,2.397100,1,1.870300,0
2020-03-06,sz.000656,8.0900,8.1700,7.8800,8.0300,8.1700,57151169,455322498.6400,3,1.089200,1,-1.713600,0
2020-03-09,sz.000656,7.8100,7.9400,7.6500,7.8300,8.0300,52430380,407447937.5000,3,0.999200,1,-2.490700,0
2020-03-10,sz.000656,7.8000,8.2000,7.7800,8.0100,7.8300,55614919,444412037.3900,3,1.059900,1,2.298900,0
2020-03-11,sz.000656,7.9900,8.1400,7.8500,7.9000,8.0100,36173600,289012929.3900,3,0.689400,1,-1.373300,0
2020-03-12,sz.000656,7.8800,7.9800,7.7200,7.7700,7.9000,31902225,249532299.1300,3,0.608000,1,-1.645600,0
2020-03-13,sz.000656,7.3000,7.7300,7.2600,7.6400,7.7700,38357674,288927435.0100,3,0.731000,1,-1.673100,0
2020-03-16,sz.000656,7.6400,7.6800,7.2200,7.3200,7.6400,32839849,244839642.1800,3,0.625900,1,-4.188500,0
2020-03-17,sz.000656,7.3400,7.4800,7.0400,7.4100,7.3200,33445714,245046853.1200,3,0.637400,1,1.229500,0
2020-03-18,sz.000656,7.4800,7.6000,7.0800,7.1500,7.4100,37923319,279339275.8300,3,0.722600,1,-3.508800,0
2020-03-19,sz.000656,7.1100,7.3000,6.7900,6.8800,7.1500,55655588,386677582.2100,3,1.060700,1,-3.776200,0
2020-03-20,sz.000656,7.1000,7.3200,6.9700,7.2900,6.8800,45539863,327735357.5900,3,0.867900,1,5.959300,0
2020-03-23,sz.000656,6.9500,7.2400,6.8900,7.0700,7.2900,38558730,272719257.7700,3,0.734800,1,-3.017800,0
2020-03-24,sz.000656,7.4000,7.6600,7.2400,7.5900,7.0700,49505743,369200079.4700,3,0.943300,1,7.355000,0
2020-03-25,sz.000656,7.7500,8.1000,7.6500,8.0000,7.5900,59732227,469796418.5200,3,1.138200,1,5.401800,0
2020-03-26,sz.000656,7.9300,8.1500,7.9000,8.0400,8.0000,37777941,304799271.2100,3,0.719900,1,0.500000,0
2020-03-27,sz.000656,8.2400,8.2800,8.0500,8.1100,8.0400,44932175,367019122.1200,3,0.856200,1,0.870600,0
2020-03-30,sz.000656,8.0900,8.2100,8.0000,8.1300,8.1100,41897541,340221642.7400,3,0.798400,1,0.246600,0
2020-03-31,sz.000656,8.1600,8.1700,7.8700,7.9600,8.1300,42826944,341252933.4000,3,0.816100,1,-2.091000,0
2020-04-01,sz.000656,7.9600,8.1100,7.9100,7.9700,7.9600,31795085,254075595.1600,3,0.605900,1,0.125600,0
2020-04-02,sz.000656,7.9500,8.0000,7.7700,7.9600,7.9700,32070210,253476102.7900,3,0.611100,1,-0.125500,0
2020-04-03,sz.000656,7.9600,8.1800,7.9000,8.0200,7.9600,33882386,272923683.3800,3,0.645600,1,0.753800,0
2020-04-07,sz.000656,8.1000,8.1900,7.9300,8.1300,8.0200,39234024,316454579.9800,3,0.747600,1,1.371600,0
2020-04-08,sz.000656,8.0700,8.0700,7.9100,7.9900,8.1300,22863448,182692441.9600,3,0.435700,1,-1.722000,0
2020-04-09,sz.000656,8.0100,8.1100,7.9300,7.9800,7.9900,16982888,135991123.7600,3,0.323600,1,-0.125200,0
2020-04-10,sz.000656,8.0200,8.1100,7.8000,7.8800,7.9800,26871305,212890202.4900,3,0.512000,1,-1.253100,0
2020-04-13,sz.000656,7.8900,7.8900,7.7000,7.7600,7.8800,17518813,136208145.5400,3,0.333800,1,-1.522800,0
2020-04-14,sz.000656,7.9100,8.3400,7.8700,8.2600,7.7600,58027364,474844013.5800,3,1.105700,1,6.443300,0
2020-04-15,sz.000656,8.2900,8.3500,8.1200,8.2100,8.2600,43284375,356300238.5400,3,0.824800,1,-0.605300,0
2020-04-16,sz.000656,8.2700,8.2900,8.0500,8.1200,8.2100,28056015,227958163.3200,3,0.534600,1,-1.096200,0
2020-04-17,sz.000656,8.1100,8.1900,8.0000,8.1100,8.1200,26951093,218025968.0800,3,0.513600,1,-0.123200,0
2020-04-20,sz.000656,8.1200,8.1300,7.7400,7.9100,8.1100,50622379,398884880.6300,3,0.964600,1,-2.466100,0
2020-04-21,sz.000656,7.8000,7.9800,7.6900,7.9200,7.9100,37726360,295176666.0600,3,0.718900,1,0.126400,0
2020-04-22,sz.000656,7.8200,7.9200,7.7500,7.8700,7.9200,19437399,152155834.2000,3,0.370400,1,-0.631300,0
2020-04-23,sz.000656,7.8700,7.8900,7.6300,7.8000,7.8700,46310690,358085314.5100,3,0.882500,1,-0.889400,0
2020-04-24,sz.000656,7.7200,7.9600,7.6500,7.8200,7.8000,32037034,250726686.1100,3,0.610500,1,0.256400,0
2020-04-27,sz.000656,7.8500,7.9200,7.7900,7.8400,7.8200,18819204,147875153.3800,3,0.358600,1,0.255800,0
2020-04-28,sz.000656,7.8900,7.9700,7.7100,7.8800,7.8400,28708692,226475010.3300,3,0.547000,1,0.510200,0
2020-04-29,sz.000656,8.1200,8.1800,7.8200,7.9300,7.8800,29176536,231974574.5700,3,0.556000,1,0.634500,0
2020-04-30,sz.000656,7.9000,8.0600,7.8900,7.9600,7.9300,23933255,190043897.1700,3,0.456100,1,0.378300,0
2020-05-06,sz.000656,7.8300,8.0000,7.7800,7.9500,7.9600,33532033,263593077.5700,3,0.639000,1,-0.125600,0
2020-05-07,sz.000656,7.9500,7.9500,7.7500,7.8700,7.9500,42083405,329804120.4200,3,0.801900,1,-1.006300,0
2020-05-08,sz.000656,7.8900,8.2300,7.8300,8.1400,7.8700,52849613,426175458.8900,3,1.007100,1,3.430800,0
2020-05-11,sz.000656,8.2000,8.3800,8.1700,8.3400,8.1400,49757625,412741028.3600,3,0.948100,1,2.457000,0
2020-05-12,sz.000656,8.3500,8.3700,8.0400,8.0900,8.3400,55583217,451893836.6000,3,1.059100,1,-2.997600,0
2020-05-13,sz.000656,8.0900,8.1500,7.9300,8.1100,8.0900,51293466,413306930.1500,3,0.977400,1,0.247200,0
2020-05-14,sz.000656,8.1000,8.1800,7.9900,8.1500,8.1100,38539410,311825921.6000,3,0.734400,1,0.493200,0
2020-05-15,sz.000656,8.1500,8.2000,7.9800,8.0200,8.1500,57355398,465459761.2900,3,1.092900,1,-1.595100,0
2020-05-18,sz.000656,8.0300,8.1800,7.9900,8.0600,8.0200,31157354,252239218.1000,3,0.593700,1,0.498800,0
2020-05-19,sz.000656,8.1000,8.1300,7.8600,7.9000,8.0600,36081584,287135109.3200,3,0.687500,1,-1.985100,0
2020-05-20,sz.000656,7.9200,8.0200,7.8500,7.9900,7.9000,28293803,225170688.9300,3,0.539100,1,1.139200,0
2020-05-21,sz.000656,8.0000,8.2000,7.9900,8.0800,7.9900,25492265,205988076.4600,3,0.485800,1,1.126400,0
2020-05-22,sz.000656,8.0700,8.0800,7.8200,7.8300,8.0800,28431257,224947323.1700,3,0.541800,1,-3.094100,0
2020-05-25,sz.000656,7.8000,7.9500,7.7400,7.9000,7.8300,23387839,184322279.4700,3,0.445700,1,0.894000,0
2020-05-26,sz.000656,7.9300,7.9300,7.8000,7.8900,7.9000,26315402,206925255.2400,3,0.501400,1,-0.126600,0
2020-05-27,sz.000656,7.9200,7.9300,7.8000,7.8700,7.8900,22303075,175888154.3900,3,0.425000,1,-0.253500,0
2020-05-28,sz.000656,7.8800,8.0000,7.7800,7.8400,7.8700,33587100,265345122.4900,3,0.640000,1,-0.381200,0
2020-05-29,sz.000656,7.8100,7.8100,7.6500,7.7000,7.8400,30404268,234193587.8000,3,0.579400,1,-1.785700,0
2020-06-01,sz.000656,7.7400,7.8900,7.6600,7.8900,7.7000,46527837,363392696.6600,3,0.886600,1,2.467500,0
2020-06-02,sz.000656,7.9000,8.0500,7.8500,8.0400,7.8900,51326058,409748080.7100,3,0.978000,1,1.901100,0
2020-06-03,sz.000656,8.0600,8.2000,8.0000,8.0400,8.0400,50000893,405324747.5500,3,0.952800,1,0.000000,0
2020-06-04,sz.000656,8.0300,8.1200,7.9600,8.0600,8.0400,22684517,182205402.9000,3,0.432300,1,0.248800,0
2020-06-05,sz.000656,8.0000,8.0600,7.7200,7.7800,8.0600,38611598,301868848.5400,3,0.735700,1,-3.473900,0
2020-06-08,sz.000656,7.8300,8.0000,7.7900,7.9400,7.7800,34215203,270101204.1400,3,0.652000,1,2.056600,0
2020-06-09,sz.000656,7.9700,8.1100,7.9300,8.0900,7.9400,46802577,376503159.4700,3,0.891800,1,1.889200,0
2020-06-10,sz.000656,8.1000,8.1100,7.8800,7.9400,8.0900,24995855,199030889.4900,3,0.476300,1,-1.854100,0
2020-06-11,sz.000656,7.9400,7.9500,7.7400,7.7600,7.9400,30414809,237271178.4200,3,0.579600,1,-2.267000,0
2020-06-12,sz.000656,7.7000,7.8500,7.6400,7.8500,7.7600,24944170,193538432.4900,3,0.475300,1,1.159800,0
2020-06-15,sz.000656,7.8300,7.9200,7.7600,7.7900,7.8500,18103489,141767943.0600,3,0.345000,1,-0.764300,0
2020-06-16,sz.000656,7.8000,7.8900,7.7000,7.7800,7.7900,28590562,221986275.6900,3,0.544800,1,-0.128400,0
2020-06-17,sz.000656,7.7300,7.7600,7.6900,7.7200,7.7800,22084944,170502312.7100,3,0.420800,1,-0.771200,0
2020-06-18,sz.000656,7.7200,7.9000,7.7000,7.8300,7.7200,28360878,222234216.6900,3,0.540400,1,1.424900,0
2020-06-19,sz.000656,7.8600,7.9300,7.8400,7.9200,7.8300,24940083,196698375.9200,3,0.475200,1,1.149400,0
2020-06-22,sz.000656,7.8600,7.9600,7.7500,7.8100,7.9200,35062762,274395582.1900,3,0.668100,1,-1.388900,0
2020-06-23,sz.000656,7.8000,7.8300,7.7400,7.8000,7.8100,21466514,167142349.2200,3,0.409000,1,-0.128000,0
2020-06-24,sz.000656,7.8000,8.1000,7.7900,8.0300,7.8000,44114818,352117650.6800,3,0.840600,1,2.948700,0
2020-06-29,sz.000656,8.0500,8.1400,7.9400,8.0300,8.0300,31467059,252681912.5700,3,0.599600,1,0.000000,0
2020-06-30,sz.000656,8.0700,8.1900,8.0200,8.1600,8.0300,33605700,273039761.2200,3,0.640400,1,1.618900,0
2020-07-01,sz.000656,8.1800,8.9800,8.1500,8.9800,8.1600,98410354,853576474.9900,3,1.875200,1,10.049000,0
2020-07-02,sz.000656,9.0700,9.8800,9.0600,9.8800,8.9800,142702058,1369554317.3500,3,2.719200,1,10.022300,0
2020-07-03,sz.000656,9.4300,9.4300,8.9300,9.1500,9.4300,134921099,1243035717.0600,3,2.570900,1,-2.969300,0
2020-07-06,sz.000656,9.2300,9.8900,9.2300,9.7700,9.1500,139304651,1337506858.8200,3,2.654500,1,6.776000,0
2020-07-07,sz.000656,9.7700,9.9900,9.3000,9.4400,9.7700,95467296,909254121.4900,3,1.819100,1,-3.377700,0
2020-07-08,sz.000656,9.3800,9.7500,9.2000,9.5800,9.4400,72743303,692749605.2200,3,1.386100,1,1.483100,0
2020-07-09,sz.000656,9.5300,9.6400,9.4000,9.6200,9.5800,55698837,532081355.2400,3,1.061300,1,0.417500,0
2020-07-10,sz.000656,9.4300,9.5400,9.2400,9.2700,9.6200,56636074,529096311.2100,3,1.079200,1,-3.638200,0
2020-07-13,sz.000656,9.2000,9.6600,9.0300,9.5100,9.2700,63713172,600478693.5200,3,1.214100,1,2.589000,0
2020-07-14,sz.000656,9.4800,9.6300,9.2700,9.4600,9.5100,49568912,467270715.2100,3,0.944500,1,-0.525800,0
2020-07-15,sz.000656,9.5000,9.5500,9.0800,9.2900,9.4600,66158554,614907817.1400,3,1.260700,1,-1.797000,0
2020-07-16,sz.000656,9.3100,9.5000,9.0500,9.0900,9.2900,49546733,458729919.9400,3,0.944100,1,-2.152900,0
2020-07-17,sz.000656,9.0000,9.1900,8.6700,8.8300,9.0900,59337541,526583854.7900,3,1.130700,1,-2.860300,0
2020-07-20,sz.000656,8.8500,9.5100,8.8000,9.3800,8.8300,58165077,535800070.7000,3,1.108300,1,6.228800,0
2020-07-21,sz.000656,9.4000,9.4500,9.1500,9.3700,9.3800,44954222,420454105.0000,3,0.857000,1,-0.106600,0
2020-07-22,sz.000656,9.4200,9.6500,9.2400,9.3100,9.3700,54152567,512018956.6500,3,1.032300,1,-0.640300,0
2020-07-23,sz.000656,9.1700,9.4200,9.0700,9.3000,9.3100,38105209,353536267.2100,3,0.726400,1,-0.107400,0
2020-07-24,sz.000656,9.2600,9.5900,9.0600,9.1000,9.3000,50129397,468190266.6100,3,0.955600,1,-2.150500,0
2020-07-27,sz.000656,9.2400,9.2400,8.7200,8.8000,9.1000,48687489,431982339.3200,3,0.928100,1,-3.296700,0
2020-07-28,sz.000656,8.8200,8.8800,8.4900,8.5800,8.8000,37683153,325226393.2200,3,0.718300,1,-2.500000,0
2020-07-29,sz.000656,8.5800,9.0000,8.4700,8.9800,8.5800,37099211,326926667.9200,3,0.701800,1,4.662000,0
2020-07-30,sz.000656,9.0200,9.0400,8.7500,8.7600,8.9800,33193663,294052560.4700,3,0.627900,1,-2.449900,0
2020-07-31,sz.000656,8.7800,8.9300,8.5800,8.7000,8.7600,28775792,251209419.9900,3,0.544300,1,-0.684900,0
2020-08-03,sz.000656,8.8800,9.0500,8.7200,8.9200,8.7000,39348451,349486126.8600,3,0.744300,1,2.528700,0
2020-08-04,sz.000656,8.9500,9.2900,8.7400,9.1700,8.9200,56823937,513206606.6700,3,1.074900,1,2.802700,0
2020-08-05,sz.000656,9.1600,9.2100,8.9500,9.0900,9.1700,37738993,342530543.2300,3,0.713900,1,-0.872400,0
2020-08-06,sz.000656,9.1000,9.3700,9.0800,9.2800,9.0900,43438335,402512848.0100,3,0.821700,1,2.090200,0
2020-08-07,sz.000656,9.2800,9.4700,9.1400,9.2700,9.2800,33781421,315243870.7300,3,0.639000,1,-0.107800,0
2020-08-10,sz.000656,9.3100,9.8900,9.2400,9.7400,9.2700,68313401,659803664.5300,3,1.292200,1,5.070100,0
2020-08-11,sz.000656,9.7900,10.0700,9.7200,9.7600,9.7400,61030131,604911398.8700,3,1.154400,1,0.205300,0
2020-08-12,sz.000656,9.9000,10.1600,9.6800,10.0400,9.7600,74210112,735188542.5300,3,1.403700,1,2.868900,0
2020-08-13,sz.000656,10.0900,10.1500,9.7700,9.9500,10.0400,38144299,380627980.9500,3,0.721500,1,-0.896400,0
2020-08-14,sz.000656,10.0100,10.6300,9.9400,10.3400,9.9500,56114036,578455664.3700,3,1.061400,1,3.919600,0
2020-08-17,sz.000656,10.3800,11.0300,10.3600,10.7800,10.3400,60698314,653824701.6500,3,1.148100,1,4.255300,0
2020-08-18,sz.000656,10.8000,11.0000,10.6100,10.8800,10.7800,35885133,387641839.7800,3,0.678800,1,0.927600,0
2020-08-19,sz.000656,10.8000,10.9600,10.5000,10.5400,10.8800,41435592,442292042.5500,3,0.783800,1,-3.125000,0
2020-08-20,sz.000656,10.5500,10.7300,10.3700,10.5100,10.5400,49259942,518756479.0400,3,0.931800,1,-0.284600,0
2020-08-21,sz.000656,10.7700,10.9200,10.4600,10.6300,10.5100,45526841,484689300.6400,3,0.861200,1,1.141800,0
2020-08-24,sz.000656,10.4300,11.2700,10.4000,10.8400,10.6300,44039789,480054489.6200,3,0.833000,1,1.975500,0
2020-08-25,sz.000656,10.9100,11.1100,10.7500,10.9500,10.8400,29865766,326852371.6400,3,0.564900,1,1.014800,0
2020-08-26,sz.000656,11.0700,11.1600,10.6800,10.8000,10.9500,29221675,317420844.6600,3,0.552700,1,-1.369900,0
2020-08-27,sz.000656,10.6400,10.7700,10.3100,10.4100,10.8000,41259285,432123754.1600,3,0.780400,1,-3.611100,0
2020-08-28,sz.000656,10.6600,10.7300,10.0100,10.5900,10.4100,48609163,508702521.4500,3,0.919500,1,1.729100,0
2020-08-31,sz.000656,10.5500,10.6100,10.1600,10.2200,10.5900,60552256,625162273.2700,3,1.145400,1,-3.493900,0
2020-09-01,sz.000656,10.2800,10.2800,9.8400,9.9100,10.2200,60739496,606206572.4700,3,1.148900,1,-3.033300,0
2020-09-02,sz.000656,9.9300,10.0800,9.5800,9.9600,9.9100,55076576,540665902.3300,3,1.041800,1,0.504500,0
2020-09-03,sz.000656,9.9500,10.0900,9.8200,9.9100,9.9600,32888473,326655488.0600,3,0.622100,1,-0.502000,0
2020-09-04,sz.000656,9.8000,9.9900,9.7000,9.9100,9.9100,27138994,268078322.3400,3,0.513400,1,0.000000,0
2020-09-07,sz.000656,9.9000,10.1700,9.7000,9.8000,9.9100,54267497,538644930.7300,3,1.026500,1,-1.110000,0
2020-09-08,sz.000656,9.8500,9.8800,9.6300,9.7700,9.8000,26208668,255741903.4400,3,0.495800,1,-0.306100,0
2020-09-09,sz.000656,9.7500,9.8700,9.5800,9.7600,9.7700,31185031,303968191.9600,3,0.589900,1,-0.102400,0
2020-09-10,sz.000656,10.0600,10.4400,9.9000,9.9200,9.7600,47626688,481591500.6600,3,0.900900,1,1.639300,0
2020-09-11,sz.000656,9.9000,10.0500,9.6100,9.7500,9.9200,31788044,311597516.7100,3,0.601300,1,-1.713700,0
2020-09-14,sz.000656,9.7700,9.8600,9.3600,9.6000,9.7500,51356621,490056615.8400,3,0.971400,1,-1.538500,0
2020-09-15,sz.000656,9.5800,9.8900,9.5000,9.8100,9.6000,32507232,315989021.4400,3,0.614900,1,2.187500,0
2020-09-16,sz.000656,9.8200,10.1400,9.7800,10.0000,9.8100,25988483,259642823.0900,3,0.491600,1,1.936800,0
2020-09-17,sz.000656,9.9700,10.1200,9.8500,10.0200,10.0000,21588124,215959738.0500,3,0.408400,1,0.200000,0
2020-09-18,sz.000656,9.9600,10.4300,9.9600,10.3700,10.0200,40783585,417938334.4400,3,0.771400,1,3.493000,0
2020-09-21,sz.000656,10.3800,10.3900,10.1200,10.1800,10.3700,25615170,261968786.7600,3,0.484500,1,-1.832200,0
2020-09-22,sz.000656,10.1000,10.2400,9.9600,10.1400,10.1800,24976604,253627296.6700,3,0.472400,1,-0.392900,0
2020-09-23,sz.000656,10.1600,10.2200,9.8000,9.8500,10.1400,24718962,245412770.4300,3,0.467600,1,-2.860000,0
2020-09-24,sz.000656,9.8600,9.9000,9.4900,9.5400,9.8500,30212109,290721880.2000,3,0.571500,1,-3.147200,0
2020-09-25,sz.000656,9.4800,9.5400,8.7600,9.0800,9.5400,78673729,715515175.7700,3,1.488200,1,-4.821800,0
2020-09-28,sz.000656,9.1500,9.3400,9.0000,9.0400,9.0800,33491791,305644003.2100,3,0.633500,1,-0.440500,0
2020-09-29,sz.000656,9.0300,9.1500,8.8900,8.9900,9.0400,28333371,254715136.0600,3,0.535900,1,-0.553100,0
2020-09-30,sz.000656,9.1000,9.1900,8.9200,9.0500,8.9900,25405576,230111763.6500,3,0.480600,1,0.667400,0
2020-10-09,sz.000656,9.0800,9.1400,8.6600,9.0000,9.0500,45885778,406030100.4300,3,0.868000,1,-0.552500,0
2020-10-12,sz.000656,9.0000,9.1300,8.8800,9.1100,9.0000,36555822,329811862.3400,3,0.691500,1,1.222200,0
2020-10-13,sz.000656,9.0900,9.2800,9.0400,9.1700,9.1100,27384312,251314476.5800,3,0.518000,1,0.658600,0
2020-10-14,sz.000656,9.1700,9.2500,9.0700,9.1900,9.1700,23769129,217782694.6900,3,0.449600,1,0.218100,0
2020-10-15,sz.000656,9.0600,9.3300,8.9500,9.2200,9.1900,33364869,305232778.8400,3,0.631100,1,0.326400,0
2020-10-16,sz.000656,9.3000,9.4900,9.1100,9.3600,9.2200,32777011,305978699.7600,3,0.620000,1,1.518400,0
2020-10-19,sz.000656,9.3700,9.8800,9.1200,9.1900,9.3600,43852148,413459205.3400,3,0.829500,1,-1.816200,0
2020-10-20,sz.000656,9.1300,9.1500,8.9400,9.0200,9.1900,30926611,279050734.1800,3,0.585000,1,-1.849800,0
2020-10-21,sz.000656,9.0300,9.0800,8.9000,9.0500,9.0200,15691100,141012959.9400,3,0.296800,1,0.332600,0
2020-10-22,sz.000656,8.9600,9.1100,8.8200,8.9800,9.0500,22727850,202922413.3100,3,0.429900,1,-0.773500,0
2020-10-23,sz.000656,8.9500,8.9900,8.8400,8.8700,8.9800,15544393,138187596.1500,3,0.294000,1,-1.224900,0
2020-10-26,sz.000656,8.8600,8.9200,8.5600,8.6100,8.8700,18345981,159636820.1700,3,0.347000,1,-2.931200,0
2020-10-27,sz.000656,8.5800,8.7600,8.5400,8.6400,8.6100,19632863,169342462.1400,3,0.371400,1,0.348400,0
2020-10-28,sz.000656,8.6400,8.6700,8.4400,8.5200,8.6400,23608393,201421214.7800,3,0.446600,1,-1.388900,0
2020-10-29,sz.000656,8.4100,8.7000,8.3300,8.6100,8.5200,22937862,195529309.7300,3,0.433900,1,1.056300,0
2020-10-30,sz.000656,8.3100,8.4000,7.7500,7.7500,8.6100,88749203,703963644.7400,3,1.678700,1,-9.988400,0
2020-11-02,sz.000656,7.6500,7.9100,7.5500,7.8100,7.7500,71995136,557741730.8900,3,1.361800,1,0.774200,0
2020-11-03,sz.000656,7.8900,7.9300,7.6900,7.7600,7.8100,49558599,383832643.9100,3,0.937400,1,-0.640200,0
2020-11-04,sz.000656,7.7500,7.7900,7.5900,7.6600,7.7600,41011201,314206182.4400,3,0.775800,1,-1.288700,0
2020-11-05,sz.000656,7.7300,7.9600,7.6300,7.8300,7.6600,65278210,508698419.5500,3,1.234800,1,2.219300,0
2020-11-06,sz.000656,7.8800,8.0500,7.8000,7.9500,7.8300,41297832,327579479.9400,3,0.781200,1,1.532600,0
2020-11-09,sz.000656,8.0000,8.1700,7.9200,8.0000,7.9500,47302471,379462824.9200,3,0.894800,1,0.628900,0
2020-11-10,sz.000656,8.0200,8.1900,7.9800,8.0200,8.0000,36832853,297209922.5300,3,0.696700,1,0.250000,0
2020-11-11,sz.000656,8.0900,8.3100,7.9900,8.1800,8.0200,45613290,372152780.5300,3,0.862800,1,1.995000,0
2020-11-12,sz.000656,8.1200,8.1600,7.8100,7.8900,8.1800,48807378,386714329.2100,3,0.923200,1,-3.545200,0
2020-11-13,sz.000656,7.9000,7.9000,7.6500,7.8500,7.8900,30458375,236922734.6500,3,0.576100,1,-0.507000,0
2020-11-16,sz.000656,7.8600,7.9900,7.7300,7.9600,7.8500,27051581,212590183.4800,3,0.511700,1,1.401300,0
2020-11-17,sz.000656,7.9400,8.5500,7.9100,8.4000,7.9600,64860956,540389625.6200,3,1.226900,1,5.527600,0
2020-11-18,sz.000656,8.3800,8.4500,8.0300,8.2000,8.4000,67075229,550838426.7000,3,1.268800,1,-2.381000,0
2020-11-19,sz.000656,8.1800,8.4600,8.1300,8.2900,8.2000,54663753,453443701.0900,3,1.034000,1,1.097600,0
2020-11-20,sz.000656,8.2900,8.3100,8.0100,8.0700,8.2900,36587136,296454709.0500,3,0.692100,1,-2.653800,0
2020-11-23,sz.000656,8.0400,8.2200,7.9100,8.1600,8.0700,41834029,338865400.8700,3,0.791300,1,1.115200,0
2020-11-24,sz.000656,8.1400,8.1800,7.9900,8.0000,8.1600,33097771,266605637.0900,3,0.626100,1,-1.960800,0
2020-11-25,sz.000656,8.0500,8.0500,7.8500,7.8500,8.0000,23671254,188000601.6300,3,0.447800,1,-1.875000,0
2020-11-26,sz.000656,7.8500,7.8500,7.6100,7.6600,7.8500,42275867,324300054.6100,3,0.799700,1,-2.420400,0
2020-11-27,sz.000656,7.6700,7.9500,7.6600,7.8400,7.6600,38516905,301525526.9100,3,0.728600,1,2.349900,0
2020-11-30,sz.000656,7.9300,8.4300,7.9300,7.9800,7.8400,90238410,738170705.9900,3,1.706900,1,1.785700,0
2020-12-01,sz.000656,7.9600,8.0600,7.7200,8.0500,7.9800,55919076,439708338.1200,3,1.057700,1,0.877200,0
2020-12-02,sz.000656,8.0400,8.2500,7.9500,8.1600,8.0500,38493007,313974420.6600,3,0.728100,1,1.366500,0
2020-12-03,sz.000656,8.1400,8.1500,7.9500,7.9900,8.1600,30531850,244879288.1600,3,0.577500,1,-2.083300,0
2020-12-04,sz.000656,7.9500,7.9700,7.8100,7.8600,7.9900,30348403,238295805.0600,3,0.574100,1,-1.627000,0
2020-12-07,sz.000656,7.8600,7.8900,7.5900,7.6200,7.8600,56424293,432728650.6100,3,1.067300,1,-3.053400,0
2020-12-08,sz.000656,7.5500,7.6900,7.3900,7.4300,7.6200,51190660,384343944.2300,3,0.968300,1,-2.493400,0
2020-12-09,sz.000656,7.4400,7.5100,7.3200,7.3600,7.4300,29197384,215873276.0400,3,0.552300,1,-0.942100,0
2020-12-10,sz.000656,7.3400,7.3800,7.1700,7.2700,7.3600,34684667,251416414.1300,3,0.656100,1,-1.222800,0
2020-12-11,sz.000656,7.3000,7.4800,7.1700,7.4400,7.2700,38172234,280333157.6000,3,0.722100,1,2.338400,0
2020-12-14,sz.000656,7.4700,7.6400,7.4500,7.5500,7.4400,28904324,217926153.8900,3,0.546700,1,1.478500,0
2020-12-15,sz.000656,7.5800,7.5800,7.3300,7.3500,7.5500,28915846,214346282.6800,3,0.547000,1,-2.649000,0
2020-12-16,sz.000656,7.3700,7.4200,7.2600,7.3200,7.3500,24538178,180389795.5500,3,0.464200,1,-0.408200,0
2020-12-17,sz.000656,7.3200,7.3700,7.1000,7.2800,7.3200,36093834,261958607.4200,3,0.682700,1,-0.546400,0
2020-12-18,sz.000656,7.3500,7.3700,7.2500,7.2700,7.2800,22370125,163243803.2200,3,0.423100,1,-0.137400,0
2020-12-21,sz.000656,7.3000,7.3200,7.0800,7.0800,7.2700,38587703,275838398.9400,3,0.729900,1,-2.613500,0
2020-12-22,sz.000656,7.0800,7.1600,6.9100,7.0200,7.0800,43952374,308725543.9300,3,0.831400,1,-0.847500,0
2020-12-23,sz.000656,6.9900,6.9900,6.7400,6.8800,7.0200,65260777,447604503.3500,3,1.234500,1,-1.994300,0
2020-12-24,sz.000656,6.9100,6.9300,6.7100,6.7100,6.8800,27673785,188478846.0900,3,0.523500,1,-2.470900,0
2020-12-25,sz.000656,6.7200,6.7900,6.6300,6.7700,6.7100,27104430,182026418.9500,3,0.512700,1,0.894200,0
2020-12-28,sz.000656,6.7700,6.9500,6.7300,6.8400,6.7700,30260084,206953406.7900,3,0.572400,1,1.034000,0
2020-12-29,sz.000656,6.8600,7.1200,6.7900,7.0800,6.8400,36445414,255108857.3300,3,0.689400,1,3.508800,0
2020-12-30,sz.000656,7.0800,7.1000,6.9200,6.9900,7.0800,22419405,156601959.0300,3,0.424100,1,-1.271200,0
2020-12-31,sz.000656,6.9400,7.1000,6.9100,7.0900,6.9900,22758581,160093228.0100,3,0.430500,1,1.430600,0
2021-01-04,sz.000656,7.0000,7.0400,6.5200,6.5900,7.0900,87622773,582559119.8800,3,1.657400,1,-7.052200,0
2021-01-05,sz.000656,6.5900,6.9400,6.5100,6.8900,6.5900,59620095,400254661.1000,3,1.127800,1,4.552400,0
2021-01-06,sz.000656,6.8800,6.9700,6.7600,6.8900,6.8900,34345479,236164464.0600,3,0.649700,1,0.000000,0
2021-01-07,sz.000656,6.9200,7.1300,6.7800,6.9400,6.8900,44291993,306783833.4000,3,0.837800,1,0.725700,0
2021-01-08,sz.000656,6.8900,7.1700,6.8400,7.0700,6.9400,37999963,267842168.6400,3,0.718800,1,1.873200,0
2021-01-11,sz.000656,7.1000,7.3900,7.0200,7.2900,7.0700,53694566,388141866.1000,3,1.015700,1,3.111700,0
2021-01-12,sz.000656,7.3200,7.3300,7.0800,7.1700,7.2900,40308449,288477166.5800,3,0.762500,1,-1.646100,0
2021-01-13,sz.000656,7.1900,7.3800,7.1300,7.2900,7.1700,36387452,264255885.2200,3,0.688300,1,1.673600,0
2021-01-14,sz.000656,7.2800,7.5000,7.1100,7.1500,7.2900,41272362,301224342.0900,3,0.780700,1,-1.920400,0
2021-01-15,sz.000656,7.1200,7.3100,7.1100,7.1300,7.1500,34935428,251066076.5100,3,0.660800,1,-0.279700,0
2021-01-18,sz.000656,7.1300,7.3200,7.0700,7.3000,7.1300,32901681,237084143.7800,3,0.622400,1,2.384300,0
2021-01-19,sz.000656,7.2800,7.9200,7.2600,7.6000,7.3000,98419971,748150428.9500,3,1.861700,1,4.109600,0
2021-01-20,sz.000656,7.5900,7.7500,7.4700,7.6300,7.6000,47719012,363176295.9700,3,0.902600,1,0.394700,0
2021-01-21,sz.000656,7.6200,7.7000,7.3900,7.4200,7.6300,41823346,313355887.6900,3,0.791100,1,-2.752300,0
2021-01-22,sz.000656,7.4200,7.4500,7.1600,7.2000,7.4200,32984817,238608259.9500,3,0.623900,1,-2.965000,0
2021-01-25,sz.000656,7.1200,7.1900,6.9200,7.0900,7.2000,36510629,258113695.8700,3,0.690600,1,-1.527800,0
2021-01-26,sz.000656,7.1000,7.3500,7.0800,7.2700,7.0900,29597244,214374382.1300,3,0.559900,1,2.538800,0
2021-01-27,sz.000656,7.2700,7.3700,6.9800,7.0000,7.2700,31421522,222993632.9500,3,0.594400,1,-3.713900,0
2021-01-28,sz.000656,6.9600,6.9600,6.7700,6.8000,7.0000,23360790,159704524.9800,3,0.441900,1,-2.857100,0
2021-01-29,sz.000656,6.8300,6.9600,6.7300,6.9500,6.8000,20080420,137747269.7600,3,0.379800,1,2.205900,0
2021-02-01,sz.000656,6.8500,7.0200,6.7800,6.9900,6.9500,20554324,142113335.4900,3,0.388800,1,0.575500,0
2021-02-02,sz.000656,7.1500,7.5200,7.1200,7.4700,6.9900,55632673,407119000.3200,3,1.052300,1,6.867000,0
2021-02-03,sz.000656,7.4700,7.5200,7.2700,7.3100,7.4700,36947156,271657651.7400,3,0.698900,1,-2.141900,0
2021-02-04,sz.000656,7.2900,7.3000,7.1200,7.1500,7.3100,32689373,234874390.5600,3,0.618300,1,-2.188800,0
2021-02-05,sz.000656,7.2000,7.6100,7.1300,7.4900,7.1500,48833475,362162242.1200,3,0.923700,1,4.755200,0
2021-02-08,sz.000656,7.4900,7.5900,7.3300,7.4400,7.4900,53236463,395183777.3000,3,1.007000,1,-0.667600,0
2021-02-09,sz.000656,7.4200,7.4200,7.2000,7.2400,7.4400,45432914,329940339.2500,3,0.859400,1,-2.688200,0
2021-02-10,sz.000656,7.2000,7.2900,6.9300,7.0200,7.2400,57676743,406234855.1600,3,1.091000,1,-3.038700,0
2021-02-18,sz.000656,7.0600,7.4900,7.0400,7.4200,7.0200,72907391,532636552.6500,3,1.379100,1,5.698000,0
2021-02-19,sz.000656,7.4100,7.4100,7.2300,7.3600,7.4200,60738478,444051355.2700,3,1.148900,1,-0.808600,0
2021-02-22,sz.000656,7.4000,7.6900,7.3600,7.5100,7.3600,69579833,521247153.5100,3,1.316100,1,2.038000,0
2021-02-23,sz.000656,7.4400,7.5400,7.1700,7.2200,7.5100,66076048,482533382.1800,3,1.249900,1,-3.861500,0
2021-02-24,sz.000656,7.2300,7.4000,7.1600,7.2400,7.2200,50888488,370991030.7500,3,0.962600,1,0.277000,0
2021-02-25,sz.000656,7.3000,7.9600,7.2500,7.7300,7.2400,168598595,1314612358.6200,3,3.189200,1,6.768000,0
2021-02-26,sz.000656,7.5500,7.8200,7.4000,7.4500,7.7300,146382576,1114263939.3200,3,2.768900,1,-3.622300,0
2021-03-01,sz.000656,7.5100,7.6300,7.3300,7.5400,7.4500,79775307,597861263.6600,3,1.509000,1,1.208100,0
2021-03-02,sz.000656,7.5700,7.8200,7.4300,7.4700,7.5400,73241507,554912083.0200,3,1.385400,1,-0.928400,0
2021-03-03,sz.000656,7.4000,7.5500,7.3600,7.5200,7.4700,46208359,344812977.6900,3,0.874100,1,0.669300,0
2021-03-04,sz.000656,7.4900,7.5800,7.3100,7.3300,7.5200,46226991,342665779.9900,3,0.874400,1,-2.526600,0
2021-03-05,sz.000656,7.2700,7.4000,7.0700,7.1600,7.3300,59037753,425911623.3200,3,1.116700,1,-2.319200,0
2021-03-08,sz.000656,7.2000,7.3100,7.1300,7.1300,7.1600,35503382,255011831.2700,3,0.671600,1,-0.419000,0
2021-03-09,sz.000656,7.1500,7.2200,6.9900,7.0100,7.1300,36505350,258695168.7600,3,0.690500,1,-1.683000,0
2021-03-10,sz.000656,7.0200,7.0500,6.8200,6.9400,7.0100,41828982,288387638.8700,3,0.791200,1,-0.998600,0
2021-03-11,sz.000656,6.9100,7.0700,6.9100,7.0200,6.9400,26348450,184287473.8000,3,0.498400,1,1.152700,0
2021-03-12,sz.000656,7.0600,7.1900,6.9300,7.0800,7.0200,26083153,184189985.5400,3,0.493400,1,0.854700,0
2021-03-15,sz.000656,7.0500,7.1300,7.0000,7.0600,7.0800,21457205,151566847.6700,3,0.405900,1,-0.282500,0
2021-03-16,sz.000656,7.0500,7.3600,7.0000,7.3300,7.0600,53034650,383516488.5700,3,1.003200,1,3.824400,0
2021-03-17,sz.000656,7.3100,7.3900,7.2000,7.2200,7.3300,21477551,156043019.0400,3,0.406300,1,-1.500700,0
2021-03-18,sz.000656,7.2200,7.2700,7.1500,7.1800,7.2200,21346582,153611329.0100,3,0.403800,1,-0.554000,0
2021-03-19,sz.000656,7.1300,7.1500,6.9700,7.0000,7.1800,27664712,194875778.4000,3,0.523300,1,-2.507000,0
2021-03-22,sz.000656,6.9700,7.0400,6.9400,7.0300,7.0000,34209977,239362583.0200,3,0.647100,1,0.428600,0
2021-03-23,sz.000656,7.0200,7.0400,6.8900,6.9100,7.0300,29274682,203204619.0000,3,0.553700,1,-1.707000,0
2021-03-24,sz.000656,6.8900,6.9300,6.8300,6.9100,6.9100,16188206,111354021.5800,3,0.306200,1,0.000000,0
2021-03-25,sz.000656,6.9100,6.9600,6.8500,6.8900,6.9100,17724981,122395492.3000,3,0.335300,1,-0.289400,0
2021-03-26,sz.000656,6.8900,6.9100,6.8600,6.9000,6.8900,17981263,123923142.5200,3,0.340100,1,0.145100,0
2021-03-29,sz.000656,6.9000,6.9200,6.8400,6.8900,6.9000,18397560,126626020.5200,3,0.348000,1,-0.144900,0
2021-03-30,sz.000656,6.8800,6.8800,6.7700,6.8300,6.8900,30006317,204609062.3500,3,0.567600,1,-0.870800,0
2021-03-31,sz.000656,6.8300,6.8400,6.5600,6.5900,6.8300,50208364,334234957.0000,3,0.949700,1,-3.513900,0
2021-04-01,sz.000656,6.6000,6.6500,6.5800,6.6300,6.5900,20613505,136209372.6700,3,0.389900,1,0.607000,0
2021-04-02,sz.000656,6.8000,6.8500,6.7500,6.7900,6.6300,39554147,269099397.8900,3,0.749500,1,2.413300,0
2021-04-06,sz.000656,6.8000,6.9500,6.7700,6.9000,6.7900,29871261,205360510.1300,3,0.566000,1,1.620000,0
2021-04-07,sz.000656,6.9000,7.1700,6.8800,7.1500,6.9000,48529907,341869747.7100,3,0.919600,1,3.623200,0
2021-04-08,sz.000656,7.1000,7.1600,7.0200,7.0600,7.1500,27472334,194563197.4800,3,0.520600,1,-1.258700,0
2021-04-09,sz.000656,7.0900,7.0900,7.0100,7.0500,7.0600,16183349,113953228.4600,3,0.306700,1,-0.141600,0
2021-04-12,sz.000656,7.0500,7.1500,7.0000,7.0900,7.0500,28133464,199244278.7800,3,0.533100,1,0.567400,0
2021-04-13,sz.000656,7.0900,7.1200,6.9700,7.0300,7.0900,20688397,145444845.4000,3,0.392000,1,-0.846300,0
2021-04-14,sz.000656,7.0000,7.1100,6.9700,7.0700,7.0300,16642634,117603539.4200,3,0.315400,1,0.569000,0
2021-04-15,sz.000656,7.0700,7.1200,7.0200,7.0400,7.0700,15324073,108002716.1700,3,0.290400,1,-0.424300,0
2021-04-16,sz.000656,7.0800,7.2100,7.0400,7.1700,7.0400,26122167,187054240.3000,3,0.495000,1,1.846600,0
2021-04-19,sz.000656,7.1400,7.1500,7.0600,7.1200,7.1700,22821513,162029421.2500,3,0.432400,1,-0.697400,0
2021-04-20,sz.000656,7.1000,7.1800,7.0700,7.1500,7.1200,19164273,136620770.6500,3,0.363100,1,0.421300,0
2021-04-21,sz.000656,7.1100,7.1300,7.0400,7.0900,7.1500,15450997,109455815.9700,3,0.292800,1,-0.839200,0
2021-04-22,sz.000656,7.1100,7.1900,7.0700,7.0900,7.0900,18058453,128443342.8900,3,0.342200,1,0.000000,0
2021-04-23,sz.000656,7.0700,7.0800,7.0100,7.0700,7.0900,18434497,130026320.2100,3,0.349300,1,-0.282100,0
2021-04-26,sz.000656,7.0700,7.0900,6.9900,7.0000,7.0700,16977602,119356967.5800,3,0.321700,1,-0.990100,0
2021-04-27,sz.000656,6.9400,6.9700,6.8500,6.9100,7.0000,15650406,108060180.6900,3,0.296600,1,-1.285700,0
2021-04-28,sz.000656,6.8900,6.9900,6.8800,6.9300,6.9100,15450110,107154186.2400,3,0.292800,1,0.289400,0
2021-04-29,sz.000656,6.9000,7.0500,6.8600,6.9700,6.9300,22142914,154685022.6600,3,0.419600,1,0.577200,0
2021-04-30,sz.000656,6.9000,6.9100,6.4100,6.6000,6.9700,83236193,547184430.8800,3,1.577200,1,-5.308500,0
2021-05-06,sz.000656,6.6000,6.6300,6.5000,6.5100,6.6000,25553231,167223121.7100,3,0.484200,1,-1.363600,0
2021-05-07,sz.000656,6.5200,6.5700,6.4200,6.5000,6.5100,36475278,236383108.3600,3,0.691200,1,-0.153600,0
2021-05-10,sz.000656,6.4700,6.5100,6.3100,6.3700,6.5000,39732955,254592866.7000,3,0.752900,1,-2.000000,0
2021-05-11,sz.000656,6.3600,6.4100,6.3000,6.3600,6.3700,32505051,206575960.6700,3,0.615900,1,-0.157000,0
2021-05-12,sz.000656,6.3400,6.4500,6.3200,6.4100,6.3600,22942769,146571138.2400,3,0.434700,1,0.786200,0
2021-05-13,sz.000656,6.3700,6.4700,6.3500,6.4200,6.4100,20731413,132882655.9900,3,0.392800,1,0.156000,0
2021-05-14,sz.000656,6.4100,6.4300,6.3800,6.4200,6.4200,25273830,161736716.7400,3,0.478900,1,0.000000,0
2021-05-17,sz.000656,6.4100,6.4800,6.3900,6.4600,6.4200,22870094,147344940.7800,3,0.433400,1,0.623100,0
2021-05-18,sz.000656,6.4500,6.5700,6.4000,6.4800,6.4600,21261419,137461869.5400,3,0.402900,1,0.309600,0
2021-05-19,sz.000656,6.4800,6.4900,6.3800,6.3900,6.4800,16927900,108803812.7400,3,0.320800,1,-1.388900,0
2021-05-20,sz.000656,6.3600,6.3900,6.2700,6.3600,6.3900,30974674,195837382.1200,3,0.586900,1,-0.469500,0
2021-05-21,sz.000656,6.3200,6.3400,6.1800,6.1900,6.3600,28240172,176275780.5100,3,0.535100,1,-2.673000,0
2021-05-24,sz.000656,6.1900,6.2000,6.0200,6.1300,6.1900,32345460,197062802.8500,3,0.612900,1,-0.969300,0
2021-05-25,sz.000656,6.1000,6.1900,6.0700,6.1800,6.1300,27382541,168327530.6000,3,0.518900,1,0.815700,0
2021-05-26,sz.000656,6.1800,6.2400,6.1100,6.1500,6.1800,44882101,276499222.2200,3,0.850400,1,-0.485400,0
2021-05-27,sz.000656,6.1500,6.1800,6.1200,6.1500,6.1500,29618157,181992506.3100,3,0.561200,1,0.000000,0
2021-05-28,sz.000656,6.1600,6.1900,6.0300,6.0600,6.1500,40566999,246880028.1900,3,0.768700,1,-1.463400,0
2021-05-31,sz.000656,6.0700,6.0700,5.9900,6.0300,6.0600,35669711,214673952.6800,3,0.675900,1,-0.495000,0
2021-06-01,sz.000656,6.0400,6.0400,5.8700,6.0300,6.0300,52556736,312227883.7300,3,0.995900,1,0.000000,0
2021-06-02,sz.000656,5.9800,6.0600,5.9400,6.0200,6.0300,43205415,259061855.2200,3,0.818700,1,-0.165800,0
2021-06-03,sz.000656,6.0000,6.0200,5.9200,5.9600,6.0200,38257152,227874177.9800,3,0.724900,1,-0.996700,0
2021-06-04,sz.000656,5.9400,5.9600,5.8900,5.9100,5.9600,32366319,191514497.5400,3,0.613300,1,-0.838900,0
2021-06-07,sz.000656,5.8900,5.9000,5.5900,5.6200,5.9100,73309322,417592145.8300,3,1.389100,1,-4.906900,0
2021-06-08,sz.000656,5.6400,5.7800,5.6200,5.7300,5.6200,44420500,253787021.4600,3,0.841700,1,1.957300,0
2021-06-09,sz.000656,5.8000,5.8000,5.6200,5.6300,5.7300,32938499,187298493.8200,3,0.624100,1,-1.745200,0
2021-06-10,sz.000656,5.6100,5.6700,5.5900,5.6100,5.6300,23375388,131732922.6600,3,0.442900,1,-0.355200,0
2021-06-11,sz.000656,5.6000,5.6600,5.5800,5.6100,5.6100,30684441,172218262.5300,3,0.581400,1,0.000000,0
2021-06-15,sz.000656,5.6200,5.6400,5.4400,5.4600,5.6100,48383922,265748056.2900,3,0.916800,1,-2.673800,0
2021-06-16,sz.000656,5.4700,5.6600,5.4500,5.5700,5.4600,37996861,211934336.4200,3,0.720000,1,2.014700,0
2021-06-17,sz.000656,5.5800,5.7700,5.5400,5.7300,5.5700,59802420,341525635.5000,3,1.133200,1,2.872500,0
2021-06-18,sz.000656,5.7400,5.8000,5.6100,5.6500,5.7300,40180419,229326168.3900,3,0.761400,1,-1.396200,0
2021-06-21,sz.000656,5.6600,5.6700,5.5400,5.5800,5.6500,26548193,148201841.8800,3,0.503000,1,-1.238900,0
2021-06-22,sz.000656,5.5900,5.6800,5.5200,5.5600,5.5800,30780422,171548008.9800,3,0.583200,1,-0.358400,0
2021-06-23,sz.000656,5.5800,5.7900,5.5300,5.7600,5.5600,47752853,269968414.2500,3,0.904800,1,3.597100,0
2021-06-24,sz.000656,5.7500,5.7800,5.6600,5.6800,5.7600,23317901,133389509.8700,3,0.441800,1,-1.388900,0
2021-06-25,sz.000656,5.7000,5.7600,5.6700,5.7400,5.6800,25829961,147904235.7000,3,0.489400,1,1.056300,0
2021-06-28,sz.000656,5.7500,5.7700,5.7000,5.7300,5.7400,24688618,141473119.0300,3,0.467800,1,-0.174200,0
2021-06-29,sz.000656,5.7300,5.8100,5.7000,5.7800,5.7300,28321143,163122107.5100,3,0.536600,1,0.872600,0
2021-06-30,sz.000656,5.7600,5.8000,5.7200,5.7900,5.7800,21530702,123938831.7600,3,0.408000,1,0.173000,0
2021-07-01,sz.000656,5.7600,5.9500,5.7500,5.8800,5.7900,33623360,197286797.2800,3,0.637100,1,1.554400,0
2021-07-02,sz.000656,5.8700,5.9500,5.8200,5.8800,5.8800,30465741,179057024.3800,3,0.577300,1,0.000000,0
2021-07-05,sz.000656,5.9100,5.9200,5.7700,5.8100,5.8800,28319109,164659851.3800,3,0.536600,1,-1.190500,0
2021-07-06,sz.000656,5.8000,5.9800,5.7700,5.9600,5.8100,33336613,196845255.9500,3,0.631700,1,2.581800,0
2021-07-07,sz.000656,6.0300,6.0400,5.8500,5.9300,5.9600,29892665,176474642.4200,3,0.566400,1,-0.503400,0
2021-07-08,sz.000656,5.9000,5.9300,5.6800,5.7300,5.9300,48687769,281176858.1200,3,0.922600,1,-3.372700,0
2021-07-09,sz.000656,5.2200,5.2300,4.8600,5.0800,5.2800,57181253,290890007.9500,3,1.083500,1,-3.787900,0
2021-07-12,sz.000656,5.1000,5.1800,4.8100,4.8400,5.0800,72899560,358824981.5500,3,1.381300,1,-4.724400,0
2021-07-13,sz.000656,4.9900,5.0300,4.8400,4.8900,4.8400,67975884,334398187.5700,3,1.292800,1,1.033100,0
2021-07-14,sz.000656,4.8700,4.9300,4.8500,4.8800,4.8900,26573499,130053844.7400,3,0.505400,1,-0.204500,0
2021-07-15,sz.000656,4.8800,5.0400,4.8400,5.0100,4.8800,42896124,213051887.4000,3,0.815800,1,2.663900,0
2021-07-16,sz.000656,4.9900,5.0300,4.9500,4.9800,5.0100,19430598,96785183.7100,3,0.369600,1,-0.598800,0
2021-07-19,sz.000656,5.0100,5.0100,4.8600,4.9500,4.9800,23668043,116214908.1300,3,0.450100,1,-0.602400,0
2021-07-20,sz.000656,4.8900,4.9100,4.6800,4.7100,4.9500,55575602,263688342.6500,3,1.057000,1,-4.848500,0
2021-07-21,sz.000656,4.7100,4.7400,4.6200,4.6900,4.7100,29816975,139488355.0000,3,0.567100,1,-0.424600,0
2021-07-22,sz.000656,4.7000,4.8300,4.6700,4.7600,4.6900,39012785,185902487.7400,3,0.742000,1,1.492500,0
2021-07-23,sz.000656,4.7600,4.7800,4.6700,4.6900,4.7600,33245249,156403633.4200,3,0.632300,1,-1.470600,0
2021-07-26,sz.000656,4.6500,4.6500,4.3500,4.5100,4.6900,64415602,287090379.5700,3,1.225100,1,-3.838000,0
2021-07-27,sz.000656,4.4100,4.4300,4.2200,4.2800,4.5100,65398796,282414092.9800,3,1.243800,1,-5.099800,0
2021-07-28,sz.000656,4.2400,4.3600,4.1300,4.3200,4.2800,53855705,228273057.3400,3,1.024300,1,0.934600,0
2021-07-29,sz.000656,4.3300,4.3500,4.2100,4.2800,4.3200,41976649,178601843.7700,3,0.798400,1,-0.925900,0
2021-07-30,sz.000656,4.2400,4.3300,4.1800,4.3000,4.2800,34363283,146623617.6300,3,0.653600,1,0.467300,0
2021-08-02,sz.000656,4.2800,4.3800,4.2000,4.3000,4.3000,48701650,209181877.5900,3,0.926300,1,0.000000,0
2021-08-03,sz.000656,4.2700,4.3600,4.2600,4.2800,4.3000,34456732,148265305.9300,3,0.655300,1,-0.465100,0
2021-08-04,sz.000656,4.2900,4.3200,4.2200,4.2600,4.2800,35325002,150552600.4800,3,0.671800,1,-0.467300,0
2021-08-05,sz.000656,4.2600,4.5600,4.2500,4.3700,4.2600,75729279,335288045.5400,3,1.440300,1,2.582200,0
2021-08-06,sz.000656,4.3700,4.3700,4.2600,4.2900,4.3700,51329120,220309408.8400,3,0.976200,1,-1.830700,0
2021-08-09,sz.000656,4.2800,4.6400,4.2700,4.5900,4.2900,103707172,469869071.8300,3,1.972400,1,6.993000,0
2021-08-10,sz.000656,4.5700,4.6400,4.4600,4.6100,4.5900,60371564,275345404.2200,3,1.148200,1,0.435700,0
2021-08-11,sz.000656,4.7300,5.0700,4.6900,4.9100,4.6100,186421169,932472883.3600,3,3.545500,1,6.507600,0
2021-08-12,sz.000656,4.9100,4.9200,4.6700,4.6900,4.9100,110928438,526204000.1600,3,2.109700,1,-4.480700,0
2021-08-13,sz.000656,4.6800,4.7400,4.6200,4.6700,4.6900,49909998,233347270.7200,3,0.949200,1,-0.426400,0
2021-08-16,sz.000656,4.6900,4.9100,4.6700,4.8300,4.6700,71791227,346379921.1400,3,1.365400,1,3.426100,0
2021-08-17,sz.000656,4.8300,5.0500,4.7700,5.0200,4.8300,106875826,528164369.2800,3,2.032700,1,3.933700,0
2021-08-18,sz.000656,4.9500,5.1100,4.8900,5.0700,5.0200,69026269,344851686.0100,3,1.312800,1,0.996000,0
2021-08-19,sz.000656,5.0300,5.0700,4.9000,4.9500,5.0700,52864681,262443804.3300,3,1.005400,1,-2.366900,0
2021-08-20,sz.000656,4.9300,4.9500,4.8300,4.9300,4.9500,34752321,169864125.3200,3,0.661000,1,-0.404000,0
2021-08-23,sz.000656,4.9000,4.9400,4.7800,4.8100,4.9300,37523547,181466851.8200,3,0.713700,1,-2.434100,0
2021-08-24,sz.000656,4.8000,4.8300,4.7100,4.7500,4.8100,37439392,177743478.0400,3,0.712100,1,-1.247400,0
2021-08-25,sz.000656,4.7700,4.8100,4.7100,4.7600,4.7500,20937596,99965450.4400,3,0.398200,1,0.210500,0
2021-08-26,sz.000656,4.7500,4.7800,4.6900,4.7000,4.7600,21751104,102530837.9500,3,0.413700,1,-1.260500,0
2021-08-27,sz.000656,4.7000,4.7100,4.5500,4.6200,4.7000,32774733,150865270.2500,3,0.623300,1,-1.702100,0
2021-08-30,sz.000656,4.6000,4.6900,4.5500,4.6500,4.6200,32540241,150830125.4900,3,0.618900,1,0.649400,0
2021-08-31,sz.000656,4.6100,4.8100,4.6000,4.8000,4.6500,43949898,207625942.2700,3,0.835900,1,3.225800,0
2021-09-01,sz.000656,4.7900,5.0800,4.7700,5.0100,4.8000,57203154,284519896.4500,3,1.087900,1,4.375000,0
2021-09-02,sz.000656,5.0000,5.1500,4.9700,5.1100,5.0100,50603314,257752902.3600,3,0.962400,1,1.996000,0
2021-09-03,sz.000656,5.0800,5.1500,4.9800,4.9900,5.1100,34869153,175883332.1300,3,0.663200,1,-2.348300,0
2021-09-06,sz.000656,5.0100,5.0500,4.9000,4.9400,4.9900,44576665,220889732.1600,3,0.847800,1,-1.002000,0
2021-09-07,sz.000656,4.9500,5.0000,4.9200,4.9900,4.9400,31610697,156919951.9800,3,0.601200,1,1.012100,0
2021-09-08,sz.000656,4.9900,5.2800,4.9800,5.2200,4.9900,76265672,395698474.9400,3,1.450500,1,4.609200,0
2021-09-09,sz.000656,5.2400,5.2600,5.1200,5.1300,5.2200,45455786,234894697.1800,3,0.864500,1,-1.724100,0
2021-09-10,sz.000656,5.1500,5.3000,5.1000,5.1400,5.1300,56819563,295001951.4300,3,1.080700,1,0.194900,0
2021-09-13,sz.000656,5.1700,5.2200,5.1100,5.1800,5.1400,46699613,240882205.7900,3,0.888200,1,0.778200,0
2021-09-14,sz.000656,5.1800,5.2000,4.8600,4.8700,5.1800,62959831,314342114.1600,3,1.197400,1,-5.984600,0
2021-09-15,sz.000656,4.8600,4.9400,4.8100,4.9100,4.8700,41572364,203075915.8900,3,0.790700,1,0.821400,0
2021-09-16,sz.000656,4.9000,4.9600,4.5700,4.5700,4.9100,63774206,301343738.1500,3,1.212900,1,-6.924600,0
2021-09-17,sz.000656,4.6100,4.6200,4.4200,4.5000,4.5700,46524476,210132303.8200,3,0.884800,1,-1.531700,0
2021-09-22,sz.000656,4.4100,4.6100,4.3700,4.6000,4.5000,53140016,238791604.8400,3,1.010700,1,2.222200,0
2021-09-23,sz.000656,4.6000,5.0400,4.5800,4.7700,4.6000,111134719,541164903.0400,3,2.113700,1,3.695700,0
2021-09-24,sz.000656,4.7100,4.9800,4.6900,4.7500,4.7700,70811054,342011068.1900,3,1.346800,1,-0.419300,0
2021-09-27,sz.000656,4.7500,4.8200,4.5300,4.5600,4.7500,53306870,246720082.7800,3,1.013800,1,-4.000000,0
2021-09-28,sz.000656,4.6900,5.0200,4.6700,4.9900,4.5600,141054462,694729173.6900,3,2.682700,1,9.429800,0
2021-09-29,sz.000656,4.9400,5.1300,4.9200,4.9500,4.9900,140837230,707209787.6300,3,2.678600,1,-0.801600,0
2021-09-30,sz.000656,5.1000,5.2800,5.0800,5.1600,4.9500,117895359,611473003.3100,3,2.242300,1,4.242400,0
2021-10-08,sz.000656,5.2200,5.2400,4.9900,5.0800,5.1600,65060649,329483354.7900,3,1.237400,1,-1.550400,0
2021-10-11,sz.000656,5.0800,5.1800,4.9800,5.0300,5.0800,58668575,296783292.9200,3,1.115800,1,-0.984300,0
2021-10-12,sz.000656,5.0000,5.3000,4.9900,5.1800,5.0300,88466648,458143447.0700,3,1.682500,1,2.982100,0
2021-10-13,sz.000656,5.1800,5.2200,5.0100,5.1400,5.1800,49988253,255072335.2300,3,0.950700,1,-0.772200,0
2021-10-14,sz.000656,5.0500,5.0800,4.8300,4.8600,5.1400,61515684,301690936.3600,3,1.170000,1,-5.447500,0
2021-10-15,sz.000656,4.8500,4.9200,4.7100,4.7700,4.8600,54141852,260857858.9700,3,1.029700,1,-1.851900,0
2021-10-18,sz.000656,4.7900,4.8100,4.6300,4.7600,4.7700,46101108,217964265.1800,3,0.876800,1,-0.209600,0
2021-10-19,sz.000656,4.7400,4.7500,4.6700,4.7000,4.7600,32262660,152002731.2100,3,0.613600,1,-1.260500,0
2021-10-20,sz.000656,4.7100,4.7200,4.6000,4.6400,4.7000,35196882,163207309.9300,3,0.669400,1,-1.276600,0
2021-10-21,sz.000656,4.7400,4.8300,4.6800,4.7900,4.6400,52097086,248431260.9400,3,0.990800,1,3.232800,0
2021-10-22,sz.000656,4.9100,5.2700,4.9000,5.0700,4.7900,131290644,668996027.9100,3,2.497000,1,5.845500,0
2021-10-25,sz.000656,4.8800,5.0600,4.8000,4.8400,5.0700,105052321,513837508.5100,3,1.998000,1,-4.536500,0
2021-10-26,sz.000656,4.8700,4.9400,4.7400,4.7600,4.8400,54692790,263350999.8800,3,1.040200,1,-1.652900,0
2021-10-27,sz.000656,4.7600,4.7700,4.6200,4.6600,4.7600,44440765,207657612.6200,3,0.845200,1,-2.100800,0
2021-10-28,sz.000656,4.6600,4.6700,4.4000,4.4700,4.6600,60908985,275079654.3000,3,1.158400,1,-4.077300,0
2021-10-29,sz.000656,4.4500,4.5300,4.3900,4.4400,4.4700,41032286,181894189.7600,3,0.780400,1,-0.671100,0
2021-11-01,sz.000656,4.4300,4.4300,4.2600,4.3500,4.4400,51505059,223652176.4000,3,0.979600,1,-2.027000,0
2021-11-02,sz.000656,4.3500,4.3900,4.1500,4.1900,4.3500,58940893,250368094.3200,3,1.121000,1,-3.678200,0
2021-11-03,sz.000656,4.2000,4.2900,4.1700,4.2500,4.1900,36117450,153252415.7000,3,0.686900,1,1.432000,0
2021-11-04,sz.000656,4.2400,4.2600,4.1700,4.2000,4.2500,32187621,135399232.4000,3,0.612200,1,-1.176500,0
2021-11-05,sz.000656,4.2100,4.2100,4.0000,4.0700,4.2000,80540686,327742870.2900,3,1.531800,1,-3.095200,0
2021-11-08,sz.000656,4.0400,4.0700,3.9900,4.0300,4.0700,35770837,144285081.4200,3,0.680300,1,-0.982800,0
2021-11-09,sz.000656,4.0400,4.0600,3.9900,4.0000,4.0300,32917399,132063591.1100,3,0.626100,1,-0.744400,0
2021-11-10,sz.000656,4.0100,4.2400,3.9800,4.2300,4.0000,79891665,329869689.3000,3,1.519500,1,5.750000,0
2021-11-11,sz.000656,4.2500,4.6100,4.2500,4.5600,4.2300,135638238,608970912.8700,3,2.579700,1,7.801400,0
2021-11-12,sz.000656,4.4600,4.5000,4.3400,4.3900,4.5600,73062085,321046775.2300,3,1.389600,1,-3.728100,0
2021-11-15,sz.000656,4.3800,4.4200,4.2800,4.3900,4.3900,35003697,152335919.3700,3,0.665700,1,0.000000,0
2021-11-16,sz.000656,4.3800,4.4600,4.3300,4.3500,4.3900,25733929,112915598.0800,3,0.489400,1,-0.911200,0
2021-11-17,sz.000656,4.3500,4.4000,4.3100,4.3400,4.3500,21662187,94117160.7200,3,0.412000,1,-0.229900,0
2021-11-18,sz.000656,4.3200,4.3400,4.2200,4.2400,4.3400,33055502,141202606.2200,3,0.628700,1,-2.304100,0
2021-11-19,sz.000656,4.2300,4.4700,4.1600,4.4300,4.2400,96209472,412714152.1800,3,1.829800,1,4.481100,0
2021-11-22,sz.000656,4.3900,4.4100,4.1700,4.1800,4.4300,89024842,376728715.9200,3,1.693200,1,-5.643300,0
2021-11-23,sz.000656,4.1900,4.2400,4.1300,4.1800,4.1800,45367788,189943244.0500,3,0.862900,1,0.000000,0
2021-11-24,sz.000656,4.1700,4.3300,4.1600,4.2500,4.1800,64378988,274409553.4100,3,1.224400,1,1.674600,0
2021-11-25,sz.000656,4.2500,4.3100,4.2200,4.2500,4.2500,32491289,138742493.2300,3,0.618000,1,0.000000,0
2021-11-26,sz.000656,4.2500,4.2500,4.1700,4.1900,4.2500,27272138,114611478.0600,3,0.518700,1,-1.411800,0
2021-11-29,sz.000656,4.1200,4.1900,4.0800,4.1100,4.1900,44678398,184312491.4000,3,0.849700,1,-1.909300,0
2021-11-30,sz.000656,4.1100,4.1800,4.1000,4.1200,4.1100,32774947,135353843.6400,3,0.623300,1,0.243300,0
2021-12-01,sz.000656,4.1000,4.2000,4.0900,4.1800,4.1200,54278900,226242106.0000,3,1.032300,1,1.456300,0
2021-12-02,sz.000656,4.1700,4.2300,4.1400,4.2000,4.1800,39797666,167096562.0900,3,0.756900,1,0.478500,0
2021-12-03,sz.000656,4.2100,4.3000,4.1500,4.2800,4.2000,51711867,218718575.9600,3,0.983500,1,1.904800,0
2021-12-06,sz.000656,4.3800,4.5000,4.3200,4.3400,4.2800,88014747,387934609.7600,3,1.657600,1,1.401900,0
2021-12-07,sz.000656,4.4900,4.6300,4.4000,4.5500,4.3400,122922922,555661196.8100,3,2.315100,1,4.838700,0
2021-12-08,sz.000656,4.5100,4.5400,4.3800,4.4800,4.5500,54883252,244584792.2100,3,1.033200,1,-1.538500,0
2021-12-09,sz.000656,4.4600,4.6600,4.4400,4.6100,4.4800,103962274,475270796.7900,3,1.957200,1,2.901800,0
2021-12-10,sz.000656,4.5900,4.7800,4.5600,4.6600,4.6100,115619898,540702420.3600,3,2.176700,1,1.084600,0
2021-12-13,sz.000656,4.6100,4.6300,4.4200,4.4800,4.6600,99647122,447338229.4000,3,1.876000,1,-3.862700,0
2021-12-14,sz.000656,4.4300,4.4800,4.3400,4.3600,4.4800,69754742,305465991.2200,3,1.313200,1,-2.678600,0
2021-12-15,sz.000656,4.3700,4.4600,4.3500,4.4000,4.3600,47219964,208096091.3800,3,0.889000,1,0.917400,0
2021-12-16,sz.000656,4.4000,4.4900,4.3400,4.4800,4.4000,50256137,222755846.4800,3,0.946100,1,1.818200,0
2021-12-17,sz.000656,4.5000,4.5800,4.3900,4.4000,4.4800,66617817,296702032.8800,3,1.254100,1,-1.785700,0
2021-12-20,sz.000656,4.3700,4.4700,4.3600,4.3700,4.4000,68568740,302013946.4500,3,1.290900,1,-0.681800,0
2021-12-21,sz.000656,4.3800,4.7900,4.3700,4.7500,4.3700,158530899,731719992.7500,3,2.984500,1,8.695700,0
2021-12-22,sz.000656,4.7700,4.7800,4.4900,4.5000,4.7500,140995172,644578654.4100,3,2.654400,1,-5.263200,0
2021-12-23,sz.000656,4.5000,4.5300,4.3900,4.4300,4.5000,77192811,342248979.1300,3,1.453200,1,-1.555600,0
2021-12-24,sz.000656,4.4400,4.4500,4.3500,4.4300,4.4300,56374010,247617229.1200,3,1.061300,1,0.000000,0
2021-12-27,sz.000656,4.4800,4.6000,4.4600,4.5300,4.4300,75616196,342640566.3200,3,1.423500,1,2.257300,0
2021-12-28,sz.000656,4.5000,4.6300,4.5000,4.5500,4.5300,69263701,315837705.6800,3,1.304000,1,0.441500,0
2021-12-29,sz.000656,4.5400,4.5600,4.4300,4.4400,4.5500,44991004,200925138.6000,3,0.847000,1,-2.417600,0
2021-12-30,sz.000656,4.4300,4.4600,4.3800,4.3900,4.4400,53746233,236548313.2700,3,1.011800,1,-1.126100,0
2021-12-31,sz.000656,4.3900,4.5500,4.3900,4.4800,4.3900,67851614,304011385.9800,3,1.277400,1,2.050100,0
2022-01-04,sz.000656,4.4400,4.5300,4.4000,4.5200,4.4800,62976260,282135542.4500,3,1.185600,1,0.892900,0
2022-01-05,sz.000656,4.5100,4.7700,4.5000,4.6700,4.5200,135117936,631382891.5800,3,2.543700,1,3.318600,0
2022-01-06,sz.000656,4.7100,4.9300,4.6400,4.8000,4.6700,150989339,729620226.5400,3,2.842500,1,2.783700,0
2022-01-07,sz.000656,4.8200,5.0200,4.7900,4.9400,4.8000,112080098,554265991.7700,3,2.110000,1,2.916700,0
2022-01-10,sz.000656,4.9500,5.0500,4.8600,5.0100,4.9400,83795106,414965126.8300,3,1.577500,1,1.417000,0
2022-01-11,sz.000656,4.9900,5.0800,4.9100,4.9600,5.0100,70538808,351821731.5600,3,1.328000,1,-0.998000,0
2022-01-12,sz.000656,4.9200,4.9700,4.8100,4.9400,4.9600,59972504,293696505.7500,3,1.129000,1,-0.403200,0
2022-01-13,sz.000656,4.9500,5.0600,4.8800,4.8900,4.9400,45935798,227787351.8700,3,0.864800,1,-1.012100,0
2022-01-14,sz.000656,4.8500,4.8800,4.7000,4.7100,4.8900,48420868,230467001.9100,3,0.911600,1,-3.681000,0
2022-01-17,sz.000656,4.7100,4.8000,4.6700,4.6900,4.7100,48866143,230596905.2300,3,0.920000,1,-0.424600,0
2022-01-18,sz.000656,4.6800,5.0000,4.6700,4.9100,4.6900,90596375,439473429.2900,3,1.705600,1,4.690800,0
2022-01-19,sz.000656,4.9700,5.1800,4.9300,5.0800,4.9100,126793699,644678179.4400,3,2.387000,1,3.462300,0
2022-01-20,sz.000656,5.3000,5.5900,5.2900,5.3700,5.0800,320044320,1754522872.1000,3,6.025100,1,5.708700,0
2022-01-21,sz.000656,5.2000,5.4300,5.0900,5.2100,5.3700,152465972,796382322.8900,3,2.870300,1,-2.979500,0
2022-01-24,sz.000656,5.1900,5.4000,5.0200,5.2900,5.2100,139212800,730498700.6300,3,2.620800,1,1.535500,0
2022-01-25,sz.000656,5.2400,5.4200,5.2000,5.2300,5.2900,84217953,446317387.2200,3,1.585500,1,-1.134200,0
2022-01-26,sz.000656,5.2500,5.3700,5.1200,5.2400,5.2300,62772216,329262249.2900,3,1.181700,1,0.191200,0
2022-01-27,sz.000656,5.2000,5.2300,4.9900,5.0000,5.2400,100117657,506407191.6800,3,1.884800,1,-4.580200,0
2022-01-28,sz.000656,5.0200,5.0400,4.5000,4.5000,5.0000,173072543,790881499.7300,3,3.258300,1,-10.000000,0
2022-02-07,sz.000656,4.4000,4.4300,4.0600,4.4000,4.5000,175259532,744631678.5100,3,3.299400,1,-2.222200,0
2022-02-08,sz.000656,4.3600,4.4800,4.2300,4.4500,4.4000,138677284,603779364.9000,3,2.610700,1,1.136400,0
2022-02-09,sz.000656,4.4000,4.7800,4.3800,4.5300,4.4500,123223087,566653036.4800,3,2.319800,1,1.797800,0
2022-02-10,sz.000656,4.5400,4.6300,4.4100,4.6200,4.5300,69046344,314104538.5600,3,1.299900,1,1.986800,0
2022-02-11,sz.000656,4.7500,5.0800,4.7500,5.0800,4.6200,191287414,957543298.9200,3,3.601200,1,9.956700,0
2022-02-14,sz.000656,4.9900,5.0600,4.6600,4.8200,5.0800,172718888,830918503.2400,3,3.251600,1,-5.118100,0
2022-02-15,sz.000656,4.8200,4.8700,4.6000,4.6700,4.8200,100121421,470634208.7700,3,1.884900,1,-3.112000,0
2022-02-16,sz.000656,4.6700,4.7400,4.6400,4.6900,4.6700,57514514,269167247.3300,3,1.082800,1,0.428300,0
2022-02-17,sz.000656,4.6800,4.6900,4.6100,4.6400,4.6900,48960290,227222527.3200,3,0.921700,1,-1.066100,0
2022-02-18,sz.000656,4.6600,5.0600,4.6600,5.0000,4.6400,167212672,819301372.6500,3,3.147900,1,7.758600,0
2022-02-21,sz.000656,5.0000,5.2100,4.9200,5.1600,5.0000,140683425,715265586.2100,3,2.648500,1,3.200000,0
2022-02-22,sz.000656,5.1000,5.2100,5.0400,5.0800,5.1600,82353355,421914015.5600,3,1.550400,1,-1.550400,0
2022-02-23,sz.000656,5.0700,5.1000,4.8400,4.8900,5.0800,103041149,505693664.0600,3,1.939800,1,-3.740200,0
2022-02-24,sz.000656,4.8700,4.8900,4.6800,4.7100,4.8900,84463323,403414096.3900,3,1.590100,1,-3.681000,0
2022-02-25,sz.000656,4.7600,4.8000,4.5600,4.5900,4.7100,83030915,386354707.9600,3,1.563100,1,-2.547800,0
2022-02-28,sz.000656,4.5600,4.6100,4.4300,4.5000,4.5900,61767295,277029680.0000,3,1.162800,1,-1.960800,0
2022-03-01,sz.000656,4.4800,4.5500,4.4400,4.5100,4.5000,59566970,267654221.0000,3,1.121400,1,0.222200,0
2022-03-02,sz.000656,4.6000,4.7600,4.5700,4.6300,4.5100,104418080,485778656.0000,3,1.965800,1,2.660800,0
2022-03-03,sz.000656,4.6600,4.8400,4.6500,4.7200,4.6300,78830236,373829424.0000,3,1.484100,1,1.943800,0
2022-03-04,sz.000656,4.6700,4.7100,4.5300,4.6500,4.7200,59862319,276523776.0000,3,1.127000,1,-1.483100,0
2022-03-07,sz.000656,4.6600,4.9600,4.6300,4.8800,4.6500,148803008,719971440.0000,3,2.801400,1,4.946200,0
2022-03-08,sz.000656,4.8500,4.8700,4.5800,4.5900,4.8800,100800395,474039936.0000,3,1.897700,1,-5.942600,0
2022-03-09,sz.000656,4.6700,4.6900,4.2000,4.3800,4.5900,105419805,464928736.0000,3,1.984600,1,-4.575200,0
2022-03-10,sz.000656,4.4600,4.5100,4.3300,4.4300,4.3800,71408465,316553088.0000,3,1.344300,1,1.141600,0
2022-03-11,sz.000656,4.3600,4.4300,4.2400,4.3900,4.4300,56150013,243327638.0000,3,1.057100,1,-0.902900,0
2022-03-14,sz.000656,4.3400,4.4900,4.2500,4.2600,4.3900,61424670,268593984.0000,3,1.156400,1,-2.961300,0
2022-03-15,sz.000656,4.2400,4.2600,3.8300,3.8300,4.2600,164453673,652788576.0000,3,3.096000,1,-10.093900,0
2022-03-16,sz.000656,3.8300,3.9400,3.5700,3.8800,3.8300,152475855,569805264.0000,3,2.870500,1,1.305500,0
2022-03-17,sz.000656,4.0900,4.2700,4.0500,4.2200,3.8800,212318951,886797552.0000,3,3.997100,1,8.762900,0
2022-03-18,sz.000656,4.1100,4.4000,4.0600,4.3700,4.2200,128332490,543941570.2500,3,2.416000,1,3.554500,0
2022-03-21,sz.000656,4.3200,4.3800,4.2400,4.2800,4.3700,95867931,412518321.7200,3,1.804800,1,-2.059500,0
2022-03-22,sz.000656,4.2800,4.6900,4.2100,4.5800,4.2800,214389899,966228591.1000,3,4.036100,1,7.009300,0
2022-03-23,sz.000656,4.5700,4.8800,4.4900,4.7000,4.5800,252988842,1177639299.9800,3,4.762800,1,2.620100,0
2022-03-24,sz.000656,4.5800,4.6800,4.5300,4.5300,4.7000,134350849,615855018.7600,3,2.529300,1,-3.617000,0
2022-03-25,sz.000656,4.5000,4.7500,4.3000,4.5800,4.5300,185340059,842742260.5400,3,3.489200,1,1.103800,0
2022-03-28,sz.000656,4.4700,4.7100,4.4600,4.6300,4.5800,154623622,713861267.2300,3,2.910900,1,1.091700,0
2022-03-29,sz.000656,4.5700,4.6500,4.5000,4.5400,4.6300,111246664,507050442.6300,3,2.094300,1,-1.943800,0
2022-03-30,sz.000656,4.5500,4.8800,4.5500,4.8100,4.5400,225603371,1075515934.7900,3,4.247200,1,5.947100,0
2022-03-31,sz.000656,4.8100,5.1500,4.7000,4.9100,4.8100,236701811,1166043822.4200,3,4.456100,1,2.079000,0
2022-04-01,sz.000656,4.8000,5.1500,4.7700,5.1400,4.9100,239542535,1189011538.5500,3,4.509600,1,4.684300,0
2022-04-06,sz.000656,5.2100,5.4500,5.0200,5.2900,5.1400,314027936,1650753242.6900,3,5.911900,1,2.918300,0
2022-04-07,sz.000656,5.1500,5.2300,4.9400,4.9600,5.2900,186690774,946047533.9600,3,3.514600,1,-6.238200,0
2022-04-08,sz.000656,4.9700,5.2000,4.8100,5.1000,4.9600,216379397,1085920875.2100,3,4.073600,1,2.822600,0
2022-04-11,sz.000656,4.9800,4.9800,4.7100,4.7700,5.1000,151700291,734850980.2700,3,2.855900,1,-6.470600,0
2022-04-12,sz.000656,4.7700,4.8700,4.6400,4.6800,4.7700,140683413,667580398.9500,3,2.648500,1,-1.886800,0
2022-04-13,sz.000656,4.6200,4.6600,4.4600,4.4900,4.6800,153849796,699112480.6300,3,2.896400,1,-4.059800,0
2022-04-14,sz.000656,4.5800,4.9400,4.5100,4.9400,4.4900,197628620,932586444.3900,3,3.720600,1,10.022300,0
2022-04-15,sz.000656,5.1500,5.4300,5.1100,5.2100,4.9400,480391360,2559326209.8200,3,9.043800,1,5.465600,0
2022-04-18,sz.000656,5.0300,5.3600,4.8200,5.0000,5.2100,369559152,1887374807.8900,3,6.957300,1,-4.030700,0
2022-04-19,sz.000656,5.0500,5.0800,4.6000,4.8100,5.0000,253523049,1212323039.3600,3,4.772800,1,-3.800000,0
2022-04-20,sz.000656,4.8000,4.8200,4.3300,4.3300,4.8100,263380890,1179974844.4200,3,4.958400,1,-9.979200,0
2022-04-21,sz.000656,4.2400,4.3100,4.0900,4.1200,4.3300,183221328,771715905.3500,3,3.449300,1,-4.849900,0
2022-04-22,sz.000656,4.1400,4.5300,4.0100,4.5300,4.1200,304657568,1341034049.9400,3,5.735500,1,9.951500,0
2022-04-25,sz.000656,4.4400,4.5500,4.0800,4.1100,4.5300,240505338,1037546394.9900,3,4.527700,1,-9.271500,0
2022-04-26,sz.000656,4.2000,4.3700,4.1000,4.1500,4.1100,197118160,830959396.7600,3,3.710900,1,0.973200,0
2022-04-27,sz.000656,4.0100,4.0800,3.8100,3.9800,4.1500,222224558,871695565.9100,3,4.183600,1,-4.096400,0
2022-04-28,sz.000656,3.9900,4.1500,3.8800,4.0500,3.9800,188793072,758710632.5500,3,3.554200,1,1.758800,0
2022-04-29,sz.000656,4.0500,4.4600,3.9700,4.4600,4.0500,278511088,1181831003.6800,3,5.243200,1,10.123500,0
2022-05-05,sz.000656,4.4200,4.7600,4.3200,4.5200,4.4600,334109744,1500184456.7100,3,6.290500,1,1.345300,0
2022-05-06,sz.000656,4.3300,4.3800,4.1400,4.1900,4.5200,182894787,779129420.4500,3,3.443500,1,-7.300900,0
2022-05-09,sz.000656,4.1500,4.3400,4.0900,4.1800,4.1900,140346349,590938194.4300,3,2.642400,1,-0.238700,0
2022-05-10,sz.000656,4.0700,4.2000,3.9500,4.1600,4.1800,158222463,645460889.2500,3,2.979000,1,-0.478500,0
2022-05-11,sz.000656,4.1200,4.1900,4.0200,4.1100,4.1600,162071782,666202366.5800,3,3.051400,1,-1.201900,0
2022-05-12,sz.000656,4.0600,4.1100,3.8500,3.9200,4.1100,175875672,697089346.7900,3,3.311300,1,-4.622900,0
2022-05-13,sz.000656,3.9200,4.2500,3.8200,4.1800,3.9200,269537776,1093636251.9200,3,5.074800,1,6.632700,0
2022-05-16,sz.000656,4.1800,4.2000,4.0000,4.0900,4.1800,232647783,956526622.6700,3,4.380200,1,-2.153100,0
2022-05-17,sz.000656,4.0300,4.1000,3.8900,3.9500,4.0900,148770247,589121723.2100,3,2.801000,1,-3.423000,0
2022-05-18,sz.000656,3.9500,3.9500,3.7300,3.7800,3.9500,207662826,792773859.5100,3,3.909800,1,-4.303800,0
2022-05-19,sz.000656,3.7000,4.1600,3.6600,4.1100,3.7800,385006608,1529233244.4900,3,7.248800,1,8.730200,0
2022-05-20,sz.000656,3.9400,3.9500,3.7000,3.7000,4.1100,577150544,2163376936.9300,3,10.866400,1,-9.975700,0
2022-05-23,sz.000656,3.5500,3.6100,3.4100,3.4300,3.7000,423586928,1472611267.8100,3,7.975200,1,-7.297300,0
2022-05-24,sz.000656,3.4400,3.4600,3.1800,3.1900,3.4300,330962688,1096685327.2200,3,6.231300,1,-6.997100,0
2022-05-25,sz.000656,3.1700,3.2100,3.0800,3.1900,3.1900,224202742,705232365.4800,3,4.221200,1,0.000000,0
2022-05-26,sz.000656,3.1600,3.3300,3.1500,3.2800,3.1900,269809984,875375049.9300,3,5.079900,1,2.821300,0
2022-05-27,sz.000656,3.2500,3.2700,3.1700,3.1900,3.2800,177710703,570086923.9900,3,3.345900,1,-2.743900,0
2022-05-30,sz.000656,3.1800,3.1900,3.1000,3.1300,3.1900,146347413,459093763.9000,3,2.755400,1,-1.880900,0
2022-05-31,sz.000656,3.1100,3.1500,3.0800,3.1400,3.1300,124547487,388775125.2500,3,2.344900,1,0.319500,0
2022-06-01,sz.000656,3.1300,3.1500,3.0400,3.0700,3.1400,161005462,498437705.5700,3,3.031400,1,-2.229300,0
2022-06-02,sz.000656,3.0300,3.0500,2.9800,3.0000,3.0700,161290158,485897187.1700,3,3.036700,1,-2.280100,0
2022-06-06,sz.000656,2.9800,3.0300,2.9300,3.0100,3.0000,165183502,491627988.2900,3,3.110000,1,0.333300,0
2022-06-07,sz.000656,3.0000,3.0500,2.9800,3.0400,3.0100,132357109,399562175.6900,3,2.492000,1,0.996700,0
2022-06-08,sz.000656,3.0300,3.0300,2.9600,2.9900,3.0400,136806146,409033038.1800,3,2.575800,1,-1.644700,0
2022-06-09,sz.000656,2.9800,3.0200,2.9400,2.9400,2.9900,139028641,414622168.0400,3,2.617600,1,-1.672200,0
2022-06-10,sz.000656,2.8000,2.8000,2.6500,2.7200,2.9400,411134880,1107059639.5100,3,7.740700,1,-7.483000,0
2022-06-13,sz.000656,2.7000,2.7400,2.6600,2.6800,2.7200,166766148,450408335.5600,3,3.139800,1,-1.470600,0
2022-06-14,sz.000656,2.6600,2.7300,2.6400,2.7300,2.6800,192354887,518678238.0200,3,3.621600,1,1.865700,0
2022-06-15,sz.000656,2.7100,2.9600,2.7100,2.8400,2.7300,318809216,908917255.4400,3,6.002500,1,4.029300,0
2022-06-16,sz.000656,2.8400,2.8700,2.8000,2.8100,2.8400,142294250,402272956.5400,3,2.679100,1,-1.056300,0
2022-06-17,sz.000656,2.7900,2.8300,2.7300,2.7800,2.8100,127045048,353026713.7000,3,2.392000,1,-1.067600,0
2022-06-20,sz.000656,2.8200,2.9700,2.8100,2.9400,2.7800,274345120,800124561.2400,3,5.165300,1,5.755400,0
2022-06-21,sz.000656,2.9500,3.0200,2.9100,2.9400,2.9400,202930607,603886169.6800,3,3.820700,1,0.000000,0
2022-06-22,sz.000656,2.9200,2.9400,2.8800,2.9000,2.9400,144444897,420061533.1700,3,2.719600,1,-1.360500,0
2022-06-23,sz.000656,2.9000,2.9500,2.8600,2.9200,2.9000,117400257,342157116.4600,3,2.210400,1,0.689700,0
2022-06-24,sz.000656,2.8900,2.9100,2.8600,2.8700,2.9200,132596444,381155040.9100,3,2.496500,1,-1.712300,0
2022-06-27,sz.000656,2.8700,2.9200,2.8500,2.8800,2.8700,135300231,390213025.7200,3,2.547400,1,0.348400,0
2022-06-28,sz.000656,2.8900,2.8900,2.7600,2.8600,2.8800,186453130,527737197.4100,3,3.510500,1,-0.694400,0
2022-06-29,sz.000656,2.8700,2.9600,2.8500,2.9000,2.8600,197906772,578055309.8200,3,3.726100,1,1.398600,0
2022-06-30,sz.000656,2.9100,2.9200,2.8600,2.8600,2.9000,134810818,389045118.4700,3,2.538200,1,-1.379300,0
2022-07-01,sz.000656,2.8600,2.9000,2.8400,2.8500,2.8600,77033625,220570326.5200,3,1.450400,1,-0.349700,0
2022-07-04,sz.000656,2.8600,2.8600,2.7800,2.8200,2.8500,106663847,299319391.9900,3,2.008200,1,-1.052600,0
2022-07-05,sz.000656,2.8200,2.8400,2.7700,2.7900,2.8200,92258849,258273725.5500,3,1.737000,1,-1.063800,0
2022-07-06,sz.000656,2.7900,2.8000,2.7100,2.7300,2.7900,84790139,232372119.8800,3,1.596400,1,-2.150500,0
2022-07-07,sz.000656,2.7300,2.7600,2.7000,2.7000,2.7300,81577241,222064779.9200,3,1.535900,1,-1.098900,0
2022-07-08,sz.000656,2.6900,2.7400,2.6700,2.7100,2.7000,78916062,213878462.3100,3,1.485800,1,0.370400,0
2022-07-11,sz.000656,2.7100,2.7200,2.6500,2.6500,2.7100,91391518,243940414.0700,3,1.720700,1,-2.214000,0
2022-07-12,sz.000656,2.6600,2.7000,2.6500,2.6600,2.6500,88311639,235582508.4600,3,1.662700,1,0.377400,0
2022-07-13,sz.000656,2.6500,2.7100,2.6300,2.6600,2.6600,97283997,260603868.4600,3,1.831600,1,0.000000,0
2022-07-14,sz.000656,2.6500,2.6500,2.5100,2.5200,2.6600,179847461,460597542.3500,3,3.385600,1,-5.263200,0
2022-07-15,sz.000656,2.4900,2.5100,2.3700,2.3700,2.5200,182060633,438795714.0900,3,3.427300,1,-5.952400,0
2022-07-18,sz.000656,2.3700,2.5600,2.3600,2.5300,2.3700,204876944,512094097.7900,3,3.856800,1,6.751100,0
2022-07-19,sz.000656,2.5400,2.6300,2.5200,2.5900,2.5300,167091070,428851068.7500,3,3.145500,1,2.371500,0
2022-07-20,sz.000656,2.6000,2.6100,2.5600,2.5700,2.5900,76428173,196660190.8800,3,1.438800,1,-0.772200,0
2022-07-21,sz.000656,2.5700,2.6000,2.5300,2.5400,2.5700,77369913,198196425.8000,3,1.456500,1,-1.167300,0
2022-07-22,sz.000656,2.5400,2.6000,2.4900,2.5200,2.5400,78182644,198752450.9000,3,1.471800,1,-0.787400,0
2022-07-25,sz.000656,2.5300,2.6300,2.5200,2.5600,2.5200,131899872,340964494.2800,3,2.483000,1,1.587300,0
2022-07-26,sz.000656,2.5800,2.7300,2.5500,2.6800,2.5600,221105789,587671034.6900,3,4.162300,1,4.687500,0
2022-07-27,sz.000656,2.6700,2.6700,2.5900,2.6200,2.6800,154923572,406912297.7000,3,2.916400,1,-2.238800,0
2022-07-28,sz.000656,2.6200,2.7100,2.6100,2.6700,2.6200,151137527,402730336.9600,3,2.845100,1,1.908400,0
2022-07-29,sz.000656,2.7000,2.7100,2.6000,2.6200,2.6700,115190272,304074669.8600,3,2.168400,1,-1.872700,0
2022-08-01,sz.000656,2.6000,2.6200,2.5500,2.5600,2.6200,93321677,239913597.5500,3,1.756800,1,-2.290100,0
2022-08-02,sz.000656,2.5100,2.5100,2.3800,2.4200,2.5600,130982507,318366569.8100,3,2.465700,1,-5.468800,0
2022-08-03,sz.000656,2.4100,2.5000,2.3700,2.3800,2.4200,101340949,245732532.3600,3,1.907700,1,-1.652900,0
2022-08-04,sz.000656,2.3800,2.4200,2.3600,2.4000,2.3800,68793776,164607189.8400,3,1.295000,1,0.840300,0
2022-08-05,sz.000656,2.4000,2.4500,2.3800,2.4400,2.4000,77735509,187854658.8900,3,1.463400,1,1.666700,0
2022-08-08,sz.000656,2.4900,2.5800,2.4500,2.4600,2.4400,127047751,317141254.6200,3,2.391700,1,0.819700,0
2022-08-09,sz.000656,2.4500,2.4700,2.4000,2.4300,2.4600,95316636,231347510.6900,3,1.794300,1,-1.219500,0
2022-08-10,sz.000656,2.4100,2.4300,2.3800,2.4000,2.4300,67309900,161673453.0000,3,1.267100,1,-1.234600,0
2022-08-11,sz.000656,2.4000,2.5000,2.3900,2.4600,2.4000,134951009,332035350.3800,3,2.540400,1,2.500000,0
2022-08-12,sz.000656,2.4700,2.5300,2.4400,2.5100,2.4600,124017563,309621607.1600,3,2.334600,1,2.032500,0
2022-08-15,sz.000656,2.5000,2.5400,2.4500,2.4600,2.5100,93761794,232330138.0800,3,1.765100,1,-1.992000,0
2022-08-16,sz.000656,2.4600,2.5200,2.4500,2.5000,2.4600,145848915,363181473.2600,3,2.745600,1,1.626000,0
2022-08-17,sz.000656,2.5300,2.5900,2.5000,2.5700,2.5000,200108295,510748374.3900,3,3.767000,1,2.800000,0
2022-08-18,sz.000656,2.5700,2.5700,2.4800,2.5100,2.5700,139524521,350363168.1900,3,2.626500,1,-2.334600,0
2022-08-19,sz.000656,2.5100,2.6400,2.5000,2.5600,2.5100,164105658,421905257.2200,3,3.089300,1,1.992000,0
2022-08-22,sz.000656,2.5700,2.6100,2.5100,2.5600,2.5600,125271009,320377438.4400,3,2.358200,1,0.000000,0
2022-08-23,sz.000656,2.5700,2.5800,2.5200,2.5300,2.5600,82254972,208614160.7600,3,1.548400,1,-1.171900,0
2022-08-24,sz.000656,2.5200,2.5500,2.4600,2.4600,2.5300,100683800,251762066.0000,3,1.895400,1,-2.766800,0
2022-08-25,sz.000656,2.5000,2.5200,2.4400,2.5000,2.4600,76906557,190643551.6000,3,1.447800,1,1.626000,0
2022-08-26,sz.000656,2.4900,2.5100,2.4600,2.4700,2.5000,58681079,145495492.1300,3,1.104700,1,-1.200000,0
2022-08-29,sz.000656,2.4400,2.4800,2.4100,2.4700,2.4700,103077987,250906372.0200,3,1.940400,1,0.000000,0
2022-08-30,sz.000656,2.4700,2.5900,2.4600,2.5400,2.4700,153295568,387663077.0000,3,2.885800,1,2.834000,0
2022-08-31,sz.000656,2.5200,2.5700,2.4800,2.5000,2.5400,119179044,300552036.5500,3,2.243500,1,-1.574800,0
2022-09-01,sz.000656,2.5000,2.5900,2.4900,2.5200,2.5000,176362525,449532033.7500,3,3.320000,1,0.800000,0
2022-09-02,sz.000656,2.5200,2.5300,2.4800,2.5000,2.5200,93724267,234577683.6800,3,1.764300,1,-0.793700,0
2022-09-05,sz.000656,2.4800,2.5300,2.4700,2.5200,2.5000,90465613,226167894.5300,3,1.703000,1,0.800000,0
2022-09-06,sz.000656,2.5200,2.5900,2.5100,2.5800,2.5200,179603561,459896104.7200,3,3.381000,1,2.381000,0
2022-09-07,sz.000656,2.5800,2.6000,2.5300,2.5800,2.5800,120532608,309183918.8300,3,2.269000,1,0.000000,0
2022-09-08,sz.000656,2.6000,2.6300,2.5300,2.5500,2.5800,115503291,294813554.2000,3,2.174300,1,-1.162800,0
2022-09-09,sz.000656,2.5400,2.6400,2.5300,2.6300,2.5500,212143159,553917644.2300,3,3.993600,1,3.137300,0
2022-09-13,sz.000656,2.6200,2.6200,2.5100,2.5200,2.6300,202183958,518114299.1600,3,3.806100,1,-4.182500,0
2022-09-14,sz.000656,2.4800,2.5400,2.4700,2.4700,2.5200,146065000,364485202.7200,3,2.749700,1,-1.984100,0
2022-09-15,sz.000656,2.4900,2.5700,2.4600,2.5200,2.4700,238750350,602824043.4400,3,4.494400,1,2.024300,0
2022-09-16,sz.000656,2.5100,2.5200,2.3600,2.3700,2.5200,267250200,649174396.0000,3,5.031000,1,-5.952400,0
2022-09-19,sz.000656,2.3400,2.3500,2.2500,2.2900,2.3700,146324751,335508809.2700,3,2.754500,1,-3.375500,0
2022-09-20,sz.000656,2.3100,2.3400,2.2400,2.2600,2.2900,157939217,359290961.2500,3,2.973200,1,-1.310000,0
2022-09-21,sz.000656,2.2200,2.3300,2.1600,2.3100,2.2600,204283844,460447976.3600,3,3.845600,1,2.212400,0
2022-09-22,sz.000656,2.2800,2.3300,2.2700,2.2700,2.3100,107773680,246698269.0000,3,2.028800,1,-1.731600,0
2022-09-23,sz.000656,2.2600,2.3300,2.2300,2.2300,2.2700,106120816,241043476.6400,3,1.997700,1,-1.762100,0
2022-09-26,sz.000656,2.2000,2.2500,2.1400,2.1500,2.2300,111745310,243943984.7000,3,2.103600,1,-3.587400,0
2022-09-27,sz.000656,2.1500,2.2400,2.1100,2.2200,2.1500,151118083,328854458.1300,3,2.844800,1,3.255800,0
2022-09-28,sz.000656,2.1900,2.2100,2.1500,2.1600,2.2200,97890450,213205141.2000,3,1.842800,1,-2.702700,0
2022-09-29,sz.000656,2.1600,2.1800,2.0600,2.0700,2.1600,123137283,259287857.6500,3,2.318000,1,-4.166700,0
2022-09-30,sz.000656,2.0900,2.1300,2.0700,2.0900,2.0700,87701650,183837758.9400,3,1.651000,1,0.966200,0
2022-10-10,sz.000656,2.1000,2.1500,2.0600,2.0700,2.0900,84890143,179105029.0900,3,1.598000,1,-0.956900,0
2022-10-11,sz.000656,2.0700,2.0800,2.0000,2.0400,2.0700,73828867,150703780.5800,3,1.389800,1,-1.449300,0
2022-10-12,sz.000656,2.0400,2.1000,2.0100,2.1000,2.0400,84501949,173384317.9900,3,1.590700,1,2.941200,0
2022-10-13,sz.000656,2.0800,2.0900,2.0400,2.0700,2.1000,75368068,155304762.3300,3,1.418800,1,-1.428600,0
2022-10-14,sz.000656,2.0700,2.1400,2.0700,2.1100,2.0700,120247234,254427897.4100,3,2.263600,1,1.932400,0
2022-10-17,sz.000656,2.0900,2.1500,2.0600,2.1500,2.1100,100728262,213130588.7700,3,1.896200,1,1.895700,0
2022-10-18,sz.000656,2.1400,2.1600,2.1200,2.1300,2.1500,77505276,165992171.0100,3,1.459000,1,-0.930200,0
2022-10-19,sz.000656,2.1300,2.1400,2.0900,2.1000,2.1300,63862710,134807784.9000,3,1.202200,1,-1.408500,0
2022-10-20,sz.000656,2.0800,2.1000,2.0600,2.0800,2.1000,55616409,115661960.4600,3,1.047000,1,-0.952400,0
2022-10-21,sz.000656,2.0900,2.1000,2.0300,2.0400,2.0800,74658782,154105871.5300,3,1.405400,1,-1.923100,0
2022-10-24,sz.000656,2.0300,2.0500,1.9600,1.9700,2.0400,98514738,196733124.4800,3,1.854500,1,-3.431400,0
2022-10-25,sz.000656,1.9500,1.9600,1.9000,1.9300,1.9700,77070386,148427351.8800,3,1.450800,1,-2.030500,0
2022-10-26,sz.000656,1.9300,1.9500,1.9200,1.9300,1.9300,64774412,125337983.9200,3,1.219400,1,0.000000,0
2022-10-27,sz.000656,1.9300,1.9500,1.9200,1.9300,1.9300,64065303,124087265.6700,3,1.206000,1,0.000000,0
2022-10-28,sz.000656,1.9200,1.9300,1.8100,1.8200,1.9300,115344773,214460904.8600,3,2.171400,1,-5.699500,0
2022-10-31,sz.000656,1.7400,1.8000,1.7300,1.7700,1.8200,148419186,261461465.5000,3,2.794000,1,-2.747300,0
2022-11-01,sz.000656,1.7600,1.8000,1.7400,1.7900,1.7700,137894579,243183565.3500,3,2.595800,1,1.129900,0
2022-11-02,sz.000656,1.7700,1.8300,1.7700,1.8200,1.7900,137162995,248215360.6200,3,2.582100,1,1.676000,0
2022-11-03,sz.000656,1.7900,1.8100,1.7600,1.7900,1.8200,92083623,164224658.8200,3,1.733500,1,-1.648400,0
2022-11-04,sz.000656,1.7900,1.8300,1.7800,1.8200,1.7900,86739787,156928617.1100,3,1.632900,1,1.676000,0
2022-11-07,sz.000656,1.8200,1.8800,1.8100,1.8600,1.8200,97017808,179366541.8000,3,1.826300,1,2.197800,0
2022-11-08,sz.000656,1.8600,1.8900,1.8500,1.8600,1.8600,63642601,118906630.8400,3,1.198100,1,0.000000,0
2022-11-09,sz.000656,1.8800,2.0500,1.8700,2.0500,1.8600,204696537,413816410.1600,3,3.853400,1,10.215100,0
2022-11-10,sz.000656,2.0100,2.0700,1.9800,2.0000,2.0500,283492889,569668082.6100,3,5.336700,1,-2.439000,0
2022-11-11,sz.000656,2.0700,2.2000,2.0500,2.1700,2.0000,448076928,957759682.0400,3,8.435000,1,8.500000,0
2022-11-14,sz.000656,2.2500,2.2800,2.1400,2.1800,2.1700,429828522,945289497.1000,3,8.091500,1,0.460800,0
2022-11-15,sz.000656,2.1600,2.2400,2.1400,2.1800,2.1800,276156360,604326583.9400,3,5.198600,1,0.000000,0
2022-11-16,sz.000656,2.1600,2.2000,2.1200,2.1400,2.1800,235455057,508712086.9600,3,4.432400,1,-1.834900,0
2022-11-17,sz.000656,2.1600,2.1900,2.1300,2.1600,2.1400,153911571,331920362.0800,3,2.897400,1,0.934600,0
2022-11-18,sz.000656,2.1600,2.1700,2.1200,2.1300,2.1600,138343560,296649020.6400,3,2.604300,1,-1.388900,0
2022-11-21,sz.000656,2.1300,2.1300,2.0300,2.0900,2.1300,152211184,314472399.7600,3,2.865400,1,-1.877900,0
2022-11-22,sz.000656,2.1400,2.1500,2.0400,2.0600,2.0900,111877779,233020894.2600,3,2.106100,1,-1.435400,0
2022-11-23,sz.000656,2.0400,2.0700,2.0300,2.0400,2.0600,78390741,160401276.8400,3,1.475700,1,-0.970900,0
2022-11-24,sz.000656,2.0900,2.1300,2.0500,2.1000,2.0400,165173255,345328656.7200,3,3.109400,1,2.941200,0
2022-11-25,sz.000656,2.1000,2.2000,2.0900,2.1600,2.1000,256731113,555116181.3600,3,4.832900,1,2.857100,0
2022-11-28,sz.000656,2.1300,2.1900,2.0700,2.1700,2.1600,189481770,405932549.2400,3,3.567000,1,0.463000,0
2022-11-29,sz.000656,2.3100,2.3900,2.2500,2.3900,2.1700,390858406,907898068.4700,3,7.357900,1,10.138200,0
2022-11-30,sz.000656,2.4500,2.5500,2.3600,2.4000,2.3900,693265182,1705978095.9900,3,13.050600,1,0.418400,0
2022-12-01,sz.000656,2.4100,2.5000,2.3300,2.3700,2.4000,407218398,980641036.0000,3,7.665800,1,-1.250000,0
2022-12-02,sz.000656,2.3900,2.3900,2.2500,2.3200,2.3700,253895291,583073077.6400,3,4.779500,1,-2.109700,0
2022-12-05,sz.000656,2.3400,2.3800,2.2800,2.3000,2.3200,210396980,487835908.5700,3,3.960700,1,-0.862100,0
2022-12-06,sz.000656,2.3400,2.3400,2.2100,2.2500,2.3000,238139691,537423494.6900,3,4.483000,1,-2.173900,0
2022-12-07,sz.000656,2.2300,2.2500,2.1900,2.2100,2.2500,145500823,321513836.5300,3,2.739000,1,-1.777800,0
2022-12-08,sz.000656,2.2000,2.2400,2.1900,2.2100,2.2100,151422433,334909791.0400,3,2.850500,1,0.000000,0
2022-12-09,sz.000656,2.2100,2.2800,2.2100,2.2600,2.2100,229579284,515352114.5000,3,4.321800,1,2.262400,0
2022-12-12,sz.000656,2.2400,2.2500,2.1500,2.1600,2.2600,157592896,344775340.6000,3,2.966700,1,-4.424800,0
2022-12-13,sz.000656,2.1500,2.2000,2.1300,2.1800,2.1600,103962040,225875363.5300,3,1.957100,1,0.925900,0
2022-12-14,sz.000656,2.1800,2.1900,2.1200,2.1300,2.1800,102588044,220183790.1700,3,1.931200,1,-2.293600,0
2022-12-15,sz.000656,2.1300,2.1600,2.1000,2.1500,2.1300,84233739,179707004.2200,3,1.585700,1,0.939000,0
2022-12-16,sz.000656,2.1800,2.2000,2.1300,2.1500,2.1500,129676298,280921635.1900,3,2.441100,1,0.000000,0
2022-12-19,sz.000656,2.1500,2.2000,2.0700,2.0900,2.1500,141433202,299762643.7800,3,2.662500,1,-2.790700,0
2022-12-20,sz.000656,2.0600,2.0700,2.0100,2.0200,2.0900,118198007,240597792.5500,3,2.225100,1,-3.349300,0
2022-12-21,sz.000656,2.0100,2.0300,1.9500,1.9700,2.0200,170571029,338647623.7600,3,3.211000,1,-2.475200,0
2022-12-22,sz.000656,2.0000,2.0200,1.9700,1.9700,1.9700,128272238,255569744.0200,3,2.414700,1,0.000000,0
2022-12-23,sz.000656,1.9600,2.0400,1.9500,2.0100,1.9700,102850178,206271510.5600,3,1.936100,1,2.030500,0
2022-12-26,sz.000656,2.0000,2.0100,1.9600,1.9600,2.0100,79773450,157340224.0000,3,1.501700,1,-2.487600,0
2022-12-27,sz.000656,1.9700,1.9900,1.9600,1.9800,1.9600,70365600,138620103.0000,3,1.324600,1,1.020400,0
2022-12-28,sz.000656,1.9500,1.9700,1.9000,1.9500,1.9800,109838431,212764161.3900,3,2.067700,1,-1.515200,0
2022-12-29,sz.000656,1.9500,1.9500,1.8800,1.8900,1.9500,98673994,187869895.6600,3,1.857500,1,-3.076900,0
2022-12-30,sz.000656,1.9000,1.9300,1.8800,1.9100,1.8900,86560397,164870708.7100,3,1.629500,1,1.058200,0
2023-01-03,sz.000656,1.9200,1.9200,1.8800,1.9100,1.9100,87993440,167238841.6800,3,1.656500,1,0.000000,0
2023-01-04,sz.000656,1.9000,1.9800,1.8900,1.9600,1.9100,140740192,274654382.4300,3,2.649400,1,2.617800,0
2023-01-05,sz.000656,1.9600,1.9700,1.9200,1.9400,1.9600,93324163,181174359.2200,3,1.756800,1,-1.020400,0
2023-01-06,sz.000656,1.9600,1.9800,1.9200,1.9200,1.9400,115266752,224048209.8500,3,2.169900,1,-1.030900,0
2023-01-09,sz.000656,1.9300,1.9400,1.8900,1.9000,1.9200,75302674,143652331.8600,3,1.417600,1,-1.041700,0
2023-01-10,sz.000656,1.9000,1.9100,1.8700,1.8800,1.9000,102740760,193780473.8000,3,1.934100,1,-1.052600,0
2023-01-11,sz.000656,1.8800,1.9100,1.8600,1.8700,1.8800,71616491,135175288.1600,3,1.348200,1,-0.531900,0
2023-01-12,sz.000656,1.8700,1.8700,1.8300,1.8500,1.8700,74802335,138123391.4000,3,1.408100,1,-1.069500,0
2023-01-13,sz.000656,1.8500,1.8700,1.8400,1.8700,1.8500,55140560,102562957.6000,3,1.038000,1,1.081100,0
2023-01-16,sz.000656,1.8700,1.9100,1.8500,1.9000,1.8700,78041906,147110024.8000,3,1.469100,1,1.604300,0
2023-01-17,sz.000656,1.9000,1.9100,1.8800,1.9000,1.9000,46591158,88245643.6200,3,0.877100,1,0.000000,0
2023-01-18,sz.000656,1.9000,1.9300,1.8900,1.9100,1.9000,63295435,121298792.4900,3,1.191500,1,0.526300,0
2023-01-19,sz.000656,1.9100,1.9200,1.8900,1.9200,1.9100,49492165,94386879.0500,3,0.931700,1,0.523600,0
2023-01-20,sz.000656,1.9200,1.9400,1.9100,1.9400,1.9200,55049817,106127114.3300,3,1.036300,1,1.041700,0
2023-01-30,sz.000656,1.9700,1.9900,1.9400,1.9500,1.9400,93483335,183664596.9100,3,1.759800,1,0.515500,0
2023-01-31,sz.000656,1.9200,1.9800,1.9100,1.9800,1.9500,103511684,202590973.8200,3,1.948600,1,1.538500,0
2023-02-01,sz.000656,1.9800,1.9900,1.9400,1.9800,1.9800,97376866,191310081.0800,3,1.833100,1,0.000000,0
2023-02-02,sz.000656,1.9800,2.0100,1.9700,2.0000,1.9800,85738487,170972523.6500,3,1.614000,1,1.010100,0
2023-02-03,sz.000656,2.0000,2.0000,1.9500,1.9600,2.0000,68027058,133729432.6800,3,1.280600,1,-2.000000,0
2023-02-06,sz.000656,1.9500,1.9800,1.9300,1.9600,1.9600,62891726,122845920.2100,3,1.183900,1,0.000000,0
2023-02-07,sz.000656,1.9700,1.9900,1.9600,1.9900,1.9600,64443926,127407742.4800,3,1.213100,1,1.530600,0
2023-02-08,sz.000656,1.9800,2.1500,1.9800,2.0200,1.9900,213441332,437438360.2100,3,4.018000,1,1.507500,0
2023-02-09,sz.000656,2.0100,2.0100,1.9800,2.0000,2.0200,107504649,214561832.9600,3,2.023800,1,-0.990100,0
2023-02-10,sz.000656,1.9900,2.0300,1.9800,1.9900,2.0000,77996758,156108232.7100,3,1.468300,1,-0.500000,0
2023-02-13,sz.000656,1.9900,2.0000,1.9600,1.9800,1.9900,75170790,148252929.3000,3,1.415100,1,-0.502500,0
2023-02-14,sz.000656,1.9800,2.0000,1.9600,1.9700,1.9800,68098134,134830734.7700,3,1.281900,1,-0.505100,0
2023-02-15,sz.000656,1.9700,1.9700,1.9400,1.9500,1.9700,71554412,139714023.2800,3,1.347000,1,-1.015200,0
